-- DATA INSERTS

INSERT INTO height_lookup (id, label, feet, inches, meters) VALUES (1, '1', 0,0,0.0);
INSERT INTO height_lookup (id, label, feet, inches, meters) VALUES (2, '2', 0,0,0.0);
INSERT INTO height_lookup (id, label, feet, inches, meters) VALUES (3, '3', 0,0,0.0);
INSERT INTO height_lookup (id, label, feet, inches, meters) VALUES (4, '4', 0,0,0.0);
INSERT INTO height_lookup (id, label, feet, inches, meters) VALUES (5, '5', 0,0,0.0);
INSERT INTO height_lookup (id, label, feet, inches, meters) VALUES (6, '6', 0,0,0.0);
INSERT INTO height_lookup (id, label, feet, inches, meters) VALUES (7, '7', 0,0,0.0);
INSERT INTO height_lookup (id, label, feet, inches, meters) VALUES (8, '8', 0,0,0.0);
INSERT INTO height_lookup (id, label, feet, inches, meters) VALUES (9, '9', 0,0,0.0);
INSERT INTO height_lookup (id, label, feet, inches, meters) VALUES (10, '10', 0,0,0.0);
INSERT INTO height_lookup (id, label, feet, inches, meters) VALUES (11, '11', 0,0,0.0);
INSERT INTO height_lookup (id, label, feet, inches, meters) VALUES (12, '12', 0,0,0.0);
INSERT INTO height_lookup (id, label, feet, inches, meters) VALUES (13, '13', 0,0,0.0);
INSERT INTO height_lookup (id, label, feet, inches, meters) VALUES (14, '14', 0,0,0.0);
INSERT INTO height_lookup (id, label, feet, inches, meters) VALUES (15, '15', 0,0,0.0);
INSERT INTO height_lookup (id, label, feet, inches, meters) VALUES (16, '16', 0,0,0.0);
INSERT INTO height_lookup (id, label, feet, inches, meters) VALUES (17, '17', 0,0,0.0);
INSERT INTO height_lookup (id, label, feet, inches, meters) VALUES (18, '18', 0,0,0.0);
INSERT INTO height_lookup (id, label, feet, inches, meters) VALUES (19, '19', 0,0,0.0);
INSERT INTO height_lookup (id, label, feet, inches, meters) VALUES (20, '20', 0,0,0.0);
INSERT INTO height_lookup (id, label, feet, inches, meters) VALUES (21, '21', 0,0,0.0);
INSERT INTO height_lookup (id, label, feet, inches, meters) VALUES (22, '22', 0,0,0.0);
INSERT INTO height_lookup (id, label, feet, inches, meters) VALUES (23, '23', 0,0,0.0);
INSERT INTO height_lookup (id, label, feet, inches, meters) VALUES (24, '24', 0,0,0.0);
INSERT INTO height_lookup (id, label, feet, inches, meters) VALUES (25, '25', 0,0,0.0);
INSERT INTO height_lookup (id, label, feet, inches, meters) VALUES (26, '26', 0,0,0.0);
INSERT INTO height_lookup (id, label, feet, inches, meters) VALUES (27, '27', 0,0,0.0);
INSERT INTO height_lookup (id, label, feet, inches, meters) VALUES (28, '28', 0,0,0.0);
INSERT INTO height_lookup (id, label, feet, inches, meters) VALUES (29, '29', 0,0,0.0);
INSERT INTO height_lookup (id, label, feet, inches, meters) VALUES (30, '30', 0,0,0.0);
INSERT INTO height_lookup (id, label, feet, inches, meters) VALUES (31, '31', 0,0,0.0);
INSERT INTO height_lookup (id, label, feet, inches, meters) VALUES (32, '32', 0,0,0.0);
INSERT INTO height_lookup (id, label, feet, inches, meters) VALUES (33, '33', 0,0,0.0);
INSERT INTO height_lookup (id, label, feet, inches, meters) VALUES (34, '34', 0,0,0.0);
INSERT INTO height_lookup (id, label, feet, inches, meters) VALUES (35, '35', 0,0,0.0);
INSERT INTO height_lookup (id, label, feet, inches, meters) VALUES (36, '36', 0,0,0.0);
INSERT INTO height_lookup (id, label, feet, inches, meters) VALUES (37, '37', 0,0,0.0);
INSERT INTO hobby_lookup (id, label, type) VALUES (1, '1', 'H');
INSERT INTO hobby_lookup (id, label, type) VALUES (2, '2', 'H');
INSERT INTO hobby_lookup (id, label, type) VALUES (3, '3', 'H');
INSERT INTO hobby_lookup (id, label, type) VALUES (4, '4', 'H');
INSERT INTO hobby_lookup (id, label, type) VALUES (5, '5', 'H');
INSERT INTO hobby_lookup (id, label, type) VALUES (6, '6', 'H');
INSERT INTO hobby_lookup (id, label, type) VALUES (7, '7', 'H');
INSERT INTO hobby_lookup (id, label, type) VALUES (8, '8', 'H');
INSERT INTO hobby_lookup (id, label, type) VALUES (9, '9', 'H');
INSERT INTO hobby_lookup (id, label, type) VALUES (10, '10', 'H');
INSERT INTO hobby_lookup (id, label, type) VALUES (11, '11', 'H');
INSERT INTO hobby_lookup (id, label, type) VALUES (12, '12', 'H');
INSERT INTO hobby_lookup (id, label, type) VALUES (13, '13', 'H');
INSERT INTO hobby_lookup (id, label, type) VALUES (14, '14', 'H');
INSERT INTO hobby_lookup (id, label, type) VALUES (15, '15', 'H');
INSERT INTO hobby_lookup (id, label, type) VALUES (16, '16', 'H');
INSERT INTO hobby_lookup (id, label, type) VALUES (17, '17', 'H');
INSERT INTO hobby_lookup (id, label, type) VALUES (18, '18', 'H');
INSERT INTO hobby_lookup (id, label, type) VALUES (19, '19', 'H');
INSERT INTO hobby_lookup (id, label, type) VALUES (20, '20', 'H');
INSERT INTO hobby_lookup (id, label, type) VALUES (21, '21', 'H');
INSERT INTO hobby_lookup (id, label, type) VALUES (22, '22', 'H');
INSERT INTO hobby_lookup (id, label, type) VALUES (23, '23', 'H');
INSERT INTO hobby_lookup (id, label, type) VALUES (24, '24', 'H');
INSERT INTO hobby_lookup (id, label, type) VALUES (25, '25', 'H');
INSERT INTO hobby_lookup (id, label, type) VALUES (26, '26', 'H');
INSERT INTO hobby_lookup (id, label, type) VALUES (27, '27', 'H');
INSERT INTO hobby_lookup (id, label, type) VALUES (28, '28', 'H');
INSERT INTO hobby_lookup (id, label, type) VALUES (29, '29', 'H');
INSERT INTO hobby_lookup (id, label, type) VALUES (30, '30', 'H');
INSERT INTO hobby_lookup (id, label, type) VALUES (31, '31', 'H');
INSERT INTO hobby_lookup (id, label, type) VALUES (32, '32', 'H');
INSERT INTO hobby_lookup (id, label, type) VALUES (33, '33', 'H');
INSERT INTO hobby_lookup (id, label, type) VALUES (34, '34', 'H');
INSERT INTO hobby_lookup (id, label, type) VALUES (35, '35', 'H');
INSERT INTO hobby_lookup (id, label, type) VALUES (36, '36', 'H');
INSERT INTO hobby_lookup (id, label, type) VALUES (37, '37', 'H');
INSERT INTO hobby_lookup (id, label, type) VALUES (38, '38', 'H');
INSERT INTO hobby_lookup (id, label, type) VALUES (39, '39', 'H');
INSERT INTO hobby_lookup (id, label, type) VALUES (40, '40', 'H');
INSERT INTO hobby_lookup (id, label, type) VALUES (41, '135', 'H');
INSERT INTO hobby_lookup (id, label, type) VALUES (42, '136', 'H');
INSERT INTO hobby_lookup (id, label, type) VALUES (43, '137', 'H');
INSERT INTO hobby_lookup (id, label, type) VALUES (44, '138', 'H');
INSERT INTO hobby_lookup (id, label, type) VALUES (45, '139', 'H');
INSERT INTO hobby_lookup (id, label, type) VALUES (46, '140', 'H');
INSERT INTO hobby_lookup (id, label, type) VALUES (47, '141', 'H');
INSERT INTO hobby_lookup (id, label, type) VALUES (48, '142', 'H');
INSERT INTO hobby_lookup (id, label, type) VALUES (49, '143', 'H');
INSERT INTO hobby_lookup (id, label, type) VALUES (50, '144', 'H');
INSERT INTO hobby_lookup (id, label, type) VALUES (51, '145', 'H');
INSERT INTO hobby_lookup (id, label, type) VALUES (52, '146', 'H');
INSERT INTO hobby_lookup (id, label, type) VALUES (53, '147', 'H');
INSERT INTO hobby_lookup (id, label, type) VALUES (54, '148', 'H');
INSERT INTO hobby_lookup (id, label, type) VALUES (55, '149', 'H');
INSERT INTO hobby_lookup (id, label, type) VALUES (56, '150', 'H');
INSERT INTO hobby_lookup (id, label, type) VALUES (57, '151', 'H');
INSERT INTO hobby_lookup (id, label, type) VALUES (58, '152', 'H');
INSERT INTO hobby_lookup (id, label, type) VALUES (59, '153', 'H');
INSERT INTO hobby_lookup (id, label, type) VALUES (60, '154', 'H');
INSERT INTO hobby_lookup (id, label, type) VALUES (61, '155', 'H');
INSERT INTO hobby_lookup (id, label, type) VALUES (62, '156', 'H');
INSERT INTO hobby_lookup (id, label, type) VALUES (63, '157', 'H');
INSERT INTO hobby_lookup (id, label, type) VALUES (64, '158', 'H');
INSERT INTO hobby_lookup (id, label, type) VALUES (65, '159', 'H');
INSERT INTO hobby_lookup (id, label, type) VALUES (66, '160', 'H');
INSERT INTO hobby_lookup (id, label, type) VALUES (67, '161', 'H');
INSERT INTO hobby_lookup (id, label, type) VALUES (68, '162', 'H');
INSERT INTO hobby_lookup (id, label, type) VALUES (69, '163', 'H');
INSERT INTO hobby_lookup (id, label, type) VALUES (70, '164', 'H');
INSERT INTO users (user_id, username, fullname, email, phone_number, password, profile_created_for, date_of_birth, gender, marital_status, religion_id, account_active, is_onboarded) VALUES ('798bd29a-dd19-4a36-9ab0-8a7dfe2f753f', 'ritvik001', 'Ritvik Kakar', 'ritvik.kakar001@example.com', '+916825201079', 'password123', 'Self', '1987-09-11', 'Male', 'Single', NULL, FALSE, FALSE);
INSERT INTO lifestyle (user_id, height_id, weight, blood_group, diet) VALUES ('798bd29a-dd19-4a36-9ab0-8a7dfe2f753f', 34, 72, 'A+', 'Eggetarian');
INSERT INTO preferred_partner_choice (user_id, min_age, max_age, expected_salary_id, salary_type) VALUES ('798bd29a-dd19-4a36-9ab0-8a7dfe2f753f', 20, 25, NULL, 'Annual');
INSERT INTO profile_picture (user_id, filename, is_profile_pic) VALUES ('798bd29a-dd19-4a36-9ab0-8a7dfe2f753f', 'user1_pic1.jpg', TRUE);
INSERT INTO relative_contact (user_id, type, fullname, phone_number) VALUES ('798bd29a-dd19-4a36-9ab0-8a7dfe2f753f', 'Sister', 'Oorja Jaggi', '+919742954517');
INSERT INTO users (user_id, username, fullname, email, phone_number, password, profile_created_for, date_of_birth, gender, marital_status, religion_id, account_active, is_onboarded) VALUES ('8ee148ce-a93d-4484-8515-71d4d8b9a5d4', 'mehul002', 'Mehul Chakrabarti', 'mehul.chakrabarti002@example.com', '+917576152386', 'password123', 'Self', '1991-06-26', 'Female', 'Widowed', NULL, TRUE, TRUE);
INSERT INTO lifestyle (user_id, height_id, weight, blood_group, diet) VALUES ('8ee148ce-a93d-4484-8515-71d4d8b9a5d4', 26, 50, 'A+', 'Eggetarian');
INSERT INTO preferred_partner_choice (user_id, min_age, max_age, expected_salary_id, salary_type) VALUES ('8ee148ce-a93d-4484-8515-71d4d8b9a5d4', 22, 27, NULL, 'Annual');
INSERT INTO profile_picture (user_id, filename, is_profile_pic) VALUES ('8ee148ce-a93d-4484-8515-71d4d8b9a5d4', 'user2_pic1.jpg', TRUE);
INSERT INTO relative_contact (user_id, type, fullname, phone_number) VALUES ('8ee148ce-a93d-4484-8515-71d4d8b9a5d4', 'Mother', 'Tarini Chopra', '+917973558279');
INSERT INTO users (user_id, username, fullname, email, phone_number, password, profile_created_for, date_of_birth, gender, marital_status, religion_id, account_active, is_onboarded) VALUES ('b3eeb2b3-1529-4ff0-8b0e-72a2a8713717', 'hazel003', 'Hazel Subramaniam', 'hazel.subramaniam003@example.com', '+919721731111', 'password123', 'Self', '1999-11-27', 'Male', 'Single', NULL, FALSE, FALSE);
INSERT INTO lifestyle (user_id, height_id, weight, blood_group, diet) VALUES ('b3eeb2b3-1529-4ff0-8b0e-72a2a8713717', 24, 73, 'A+', 'Non-Vegetarian');
INSERT INTO preferred_partner_choice (user_id, min_age, max_age, expected_salary_id, salary_type) VALUES ('b3eeb2b3-1529-4ff0-8b0e-72a2a8713717', 20, 25, NULL, 'Annual');
INSERT INTO profile_picture (user_id, filename, is_profile_pic) VALUES ('b3eeb2b3-1529-4ff0-8b0e-72a2a8713717', 'user3_pic1.jpg', TRUE);
INSERT INTO relative_contact (user_id, type, fullname, phone_number) VALUES ('b3eeb2b3-1529-4ff0-8b0e-72a2a8713717', 'Mother', 'Charvi Arya', '+919827491600');
INSERT INTO users (user_id, username, fullname, email, phone_number, password, profile_created_for, date_of_birth, gender, marital_status, religion_id, account_active, is_onboarded) VALUES ('c17d0fdf-6806-446d-812b-e186a5f1617d', 'ishaan004', 'Ishaan Seth', 'ishaan.seth004@example.com', '+916310651496', 'password123', 'Self', '1981-08-24', 'Male', 'Divorced', NULL, FALSE, TRUE);
INSERT INTO lifestyle (user_id, height_id, weight, blood_group, diet) VALUES ('c17d0fdf-6806-446d-812b-e186a5f1617d', 17, 82, 'O-', 'Eggetarian');
INSERT INTO preferred_partner_choice (user_id, min_age, max_age, expected_salary_id, salary_type) VALUES ('c17d0fdf-6806-446d-812b-e186a5f1617d', 24, 29, NULL, 'Annual');
INSERT INTO profile_picture (user_id, filename, is_profile_pic) VALUES ('c17d0fdf-6806-446d-812b-e186a5f1617d', 'user4_pic1.jpg', TRUE);
INSERT INTO relative_contact (user_id, type, fullname, phone_number) VALUES ('c17d0fdf-6806-446d-812b-e186a5f1617d', 'Brother', 'Navya Mani', '+918218491821');
INSERT INTO users (user_id, username, fullname, email, phone_number, password, profile_created_for, date_of_birth, gender, marital_status, religion_id, account_active, is_onboarded) VALUES ('e9c11098-1ff6-45e4-9d1d-7cbe815a3307', 'saanvi005', 'Saanvi Sehgal', 'saanvi.sehgal005@example.com', '+918229569646', 'password123', 'Self', '1991-10-20', 'Female', 'Single', NULL, FALSE, FALSE);
INSERT INTO lifestyle (user_id, height_id, weight, blood_group, diet) VALUES ('e9c11098-1ff6-45e4-9d1d-7cbe815a3307', 9, 51, 'A-', 'Non-Vegetarian');
INSERT INTO preferred_partner_choice (user_id, min_age, max_age, expected_salary_id, salary_type) VALUES ('e9c11098-1ff6-45e4-9d1d-7cbe815a3307', 25, 30, NULL, 'Annual');
INSERT INTO profile_picture (user_id, filename, is_profile_pic) VALUES ('e9c11098-1ff6-45e4-9d1d-7cbe815a3307', 'user5_pic1.jpg', TRUE);
INSERT INTO relative_contact (user_id, type, fullname, phone_number) VALUES ('e9c11098-1ff6-45e4-9d1d-7cbe815a3307', 'Uncle', 'Suhana Tara', '+919376044219');
INSERT INTO users (user_id, username, fullname, email, phone_number, password, profile_created_for, date_of_birth, gender, marital_status, religion_id, account_active, is_onboarded) VALUES ('acca4352-c15a-40a8-8f6b-000194cc19ed', 'sana006', 'Sana Bhatt', 'sana.bhatt006@example.com', '+919257228852', 'password123', 'Self', '1987-01-07', 'Female', 'Widowed', NULL, FALSE, TRUE);
INSERT INTO lifestyle (user_id, height_id, weight, blood_group, diet) VALUES ('acca4352-c15a-40a8-8f6b-000194cc19ed', 18, 73, 'O+', 'Vegetarian');
INSERT INTO preferred_partner_choice (user_id, min_age, max_age, expected_salary_id, salary_type) VALUES ('acca4352-c15a-40a8-8f6b-000194cc19ed', 25, 30, NULL, 'Annual');
INSERT INTO profile_picture (user_id, filename, is_profile_pic) VALUES ('acca4352-c15a-40a8-8f6b-000194cc19ed', 'user6_pic1.jpg', TRUE);
INSERT INTO relative_contact (user_id, type, fullname, phone_number) VALUES ('acca4352-c15a-40a8-8f6b-000194cc19ed', 'Mother', 'Neysa Sampath', '+919599126003');
INSERT INTO users (user_id, username, fullname, email, phone_number, password, profile_created_for, date_of_birth, gender, marital_status, religion_id, account_active, is_onboarded) VALUES ('8b66353a-8edc-42f2-842d-b8359d85d4f8', 'hiran007', 'Hiran Biswas', 'hiran.biswas007@example.com', '+916959525299', 'password123', 'Self', '1993-10-09', 'Male', 'Single', NULL, FALSE, FALSE);
INSERT INTO lifestyle (user_id, height_id, weight, blood_group, diet) VALUES ('8b66353a-8edc-42f2-842d-b8359d85d4f8', 15, 54, 'A-', 'Non-Vegetarian');
INSERT INTO preferred_partner_choice (user_id, min_age, max_age, expected_salary_id, salary_type) VALUES ('8b66353a-8edc-42f2-842d-b8359d85d4f8', 23, 28, NULL, 'Annual');
INSERT INTO profile_picture (user_id, filename, is_profile_pic) VALUES ('8b66353a-8edc-42f2-842d-b8359d85d4f8', 'user7_pic1.jpg', TRUE);
INSERT INTO relative_contact (user_id, type, fullname, phone_number) VALUES ('8b66353a-8edc-42f2-842d-b8359d85d4f8', 'Brother', 'Lavanya Keer', '+918987313151');
INSERT INTO users (user_id, username, fullname, email, phone_number, password, profile_created_for, date_of_birth, gender, marital_status, religion_id, account_active, is_onboarded) VALUES ('2e31cccf-e110-449b-a551-ce184fc63216', 'saanvi008', 'Saanvi Kannan', 'saanvi.kannan008@example.com', '+917175191021', 'password123', 'Self', '1986-12-06', 'Female', 'Single', NULL, TRUE, TRUE);
INSERT INTO lifestyle (user_id, height_id, weight, blood_group, diet) VALUES ('2e31cccf-e110-449b-a551-ce184fc63216', 27, 59, 'A-', 'Vegetarian');
INSERT INTO preferred_partner_choice (user_id, min_age, max_age, expected_salary_id, salary_type) VALUES ('2e31cccf-e110-449b-a551-ce184fc63216', 22, 27, NULL, 'Annual');
INSERT INTO profile_picture (user_id, filename, is_profile_pic) VALUES ('2e31cccf-e110-449b-a551-ce184fc63216', 'user8_pic1.jpg', TRUE);
INSERT INTO relative_contact (user_id, type, fullname, phone_number) VALUES ('2e31cccf-e110-449b-a551-ce184fc63216', 'Brother', 'Ranbir Tailor', '+917702505929');
INSERT INTO users (user_id, username, fullname, email, phone_number, password, profile_created_for, date_of_birth, gender, marital_status, religion_id, account_active, is_onboarded) VALUES ('7fd77486-7ab5-45e2-ace6-7666aa35ed52', 'anika009', 'Anika Ghosh', 'anika.ghosh009@example.com', '+918191114315', 'password123', 'Self', '1989-01-30', 'Male', 'Widowed', NULL, TRUE, TRUE);
INSERT INTO lifestyle (user_id, height_id, weight, blood_group, diet) VALUES ('7fd77486-7ab5-45e2-ace6-7666aa35ed52', 37, 53, 'AB+', 'Eggetarian');
INSERT INTO preferred_partner_choice (user_id, min_age, max_age, expected_salary_id, salary_type) VALUES ('7fd77486-7ab5-45e2-ace6-7666aa35ed52', 22, 27, NULL, 'Annual');
INSERT INTO profile_picture (user_id, filename, is_profile_pic) VALUES ('7fd77486-7ab5-45e2-ace6-7666aa35ed52', 'user9_pic1.jpg', TRUE);
INSERT INTO relative_contact (user_id, type, fullname, phone_number) VALUES ('7fd77486-7ab5-45e2-ace6-7666aa35ed52', 'Mother', 'Indrajit Kibe', '+917263021698');
INSERT INTO users (user_id, username, fullname, email, phone_number, password, profile_created_for, date_of_birth, gender, marital_status, religion_id, account_active, is_onboarded) VALUES ('79ece5f9-d116-4e70-88cd-bbebeac271bb', 'lagan010', 'Lagan Chanda', 'lagan.chanda010@example.com', '+917694498847', 'password123', 'Self', '1990-09-01', 'Male', 'Divorced', NULL, FALSE, TRUE);
INSERT INTO lifestyle (user_id, height_id, weight, blood_group, diet) VALUES ('79ece5f9-d116-4e70-88cd-bbebeac271bb', 3, 73, 'AB-', 'Vegetarian');
INSERT INTO preferred_partner_choice (user_id, min_age, max_age, expected_salary_id, salary_type) VALUES ('79ece5f9-d116-4e70-88cd-bbebeac271bb', 20, 25, NULL, 'Annual');
INSERT INTO profile_picture (user_id, filename, is_profile_pic) VALUES ('79ece5f9-d116-4e70-88cd-bbebeac271bb', 'user10_pic1.jpg', TRUE);
INSERT INTO relative_contact (user_id, type, fullname, phone_number) VALUES ('79ece5f9-d116-4e70-88cd-bbebeac271bb', 'Uncle', 'Yuvraj  Rajagopal', '+918601832302');
INSERT INTO users (user_id, username, fullname, email, phone_number, password, profile_created_for, date_of_birth, gender, marital_status, religion_id, account_active, is_onboarded) VALUES ('4aa6c2ee-965e-4fab-b53b-853005761108', 'indrans011', 'Indrans Rege', 'indrans.rege011@example.com', '+919372830765', 'password123', 'Self', '1998-10-05', 'Male', 'Single', NULL, FALSE, TRUE);
INSERT INTO lifestyle (user_id, height_id, weight, blood_group, diet) VALUES ('4aa6c2ee-965e-4fab-b53b-853005761108', 1, 71, 'AB+', 'Non-Vegetarian');
INSERT INTO preferred_partner_choice (user_id, min_age, max_age, expected_salary_id, salary_type) VALUES ('4aa6c2ee-965e-4fab-b53b-853005761108', 21, 26, NULL, 'Annual');
INSERT INTO profile_picture (user_id, filename, is_profile_pic) VALUES ('4aa6c2ee-965e-4fab-b53b-853005761108', 'user11_pic1.jpg', TRUE);
INSERT INTO relative_contact (user_id, type, fullname, phone_number) VALUES ('4aa6c2ee-965e-4fab-b53b-853005761108', 'Sister', 'Mannat Sanghvi', '+918341196810');
INSERT INTO users (user_id, username, fullname, email, phone_number, password, profile_created_for, date_of_birth, gender, marital_status, religion_id, account_active, is_onboarded) VALUES ('9dde3631-4dc5-4b6a-bc43-38f0a4afb380', 'anahita012', 'Anahita Upadhyay', 'anahita.upadhyay012@example.com', '+916571590983', 'password123', 'Self', '1999-12-20', 'Male', 'Single', NULL, TRUE, TRUE);
INSERT INTO lifestyle (user_id, height_id, weight, blood_group, diet) VALUES ('9dde3631-4dc5-4b6a-bc43-38f0a4afb380', 35, 88, 'O-', 'Vegetarian');
INSERT INTO preferred_partner_choice (user_id, min_age, max_age, expected_salary_id, salary_type) VALUES ('9dde3631-4dc5-4b6a-bc43-38f0a4afb380', 23, 28, NULL, 'Annual');
INSERT INTO profile_picture (user_id, filename, is_profile_pic) VALUES ('9dde3631-4dc5-4b6a-bc43-38f0a4afb380', 'user12_pic1.jpg', TRUE);
INSERT INTO relative_contact (user_id, type, fullname, phone_number) VALUES ('9dde3631-4dc5-4b6a-bc43-38f0a4afb380', 'Father', 'Pari Borra', '+918056013343');
INSERT INTO users (user_id, username, fullname, email, phone_number, password, profile_created_for, date_of_birth, gender, marital_status, religion_id, account_active, is_onboarded) VALUES ('90bfe6f8-28c0-4728-bce7-fb79331ba1a4', 'anay013', 'Anay Sane', 'anay.sane013@example.com', '+917185449394', 'password123', 'Self', '2000-08-02', 'Female', 'Single', NULL, TRUE, FALSE);
INSERT INTO lifestyle (user_id, height_id, weight, blood_group, diet) VALUES ('90bfe6f8-28c0-4728-bce7-fb79331ba1a4', 23, 80, 'O-', 'Vegetarian');
INSERT INTO preferred_partner_choice (user_id, min_age, max_age, expected_salary_id, salary_type) VALUES ('90bfe6f8-28c0-4728-bce7-fb79331ba1a4', 24, 29, NULL, 'Annual');
INSERT INTO profile_picture (user_id, filename, is_profile_pic) VALUES ('90bfe6f8-28c0-4728-bce7-fb79331ba1a4', 'user13_pic1.jpg', TRUE);
INSERT INTO relative_contact (user_id, type, fullname, phone_number) VALUES ('90bfe6f8-28c0-4728-bce7-fb79331ba1a4', 'Uncle', 'Romil Brar', '+918347722377');
INSERT INTO users (user_id, username, fullname, email, phone_number, password, profile_created_for, date_of_birth, gender, marital_status, religion_id, account_active, is_onboarded) VALUES ('80e47db4-c9bb-4465-97bf-592eed980a77', 'dhruv014', 'Dhruv Doshi', 'dhruv.doshi014@example.com', '+918943080343', 'password123', 'Self', '1995-06-13', 'Male', 'Single', NULL, FALSE, TRUE);
INSERT INTO lifestyle (user_id, height_id, weight, blood_group, diet) VALUES ('80e47db4-c9bb-4465-97bf-592eed980a77', 33, 77, 'A-', 'Non-Vegetarian');
INSERT INTO preferred_partner_choice (user_id, min_age, max_age, expected_salary_id, salary_type) VALUES ('80e47db4-c9bb-4465-97bf-592eed980a77', 24, 29, NULL, 'Annual');
INSERT INTO profile_picture (user_id, filename, is_profile_pic) VALUES ('80e47db4-c9bb-4465-97bf-592eed980a77', 'user14_pic1.jpg', TRUE);
INSERT INTO relative_contact (user_id, type, fullname, phone_number) VALUES ('80e47db4-c9bb-4465-97bf-592eed980a77', 'Mother', 'Shalv Chaudhari', '+919950941275');
INSERT INTO users (user_id, username, fullname, email, phone_number, password, profile_created_for, date_of_birth, gender, marital_status, religion_id, account_active, is_onboarded) VALUES ('c6e07628-4633-4dc5-aa83-c088be3b53a8', 'bhamini015', 'Bhamini Roy', 'bhamini.roy015@example.com', '+916030499163', 'password123', 'Self', '1980-11-07', 'Female', 'Divorced', NULL, TRUE, FALSE);
INSERT INTO lifestyle (user_id, height_id, weight, blood_group, diet) VALUES ('c6e07628-4633-4dc5-aa83-c088be3b53a8', 11, 66, 'O-', 'Vegetarian');
INSERT INTO preferred_partner_choice (user_id, min_age, max_age, expected_salary_id, salary_type) VALUES ('c6e07628-4633-4dc5-aa83-c088be3b53a8', 25, 30, NULL, 'Annual');
INSERT INTO profile_picture (user_id, filename, is_profile_pic) VALUES ('c6e07628-4633-4dc5-aa83-c088be3b53a8', 'user15_pic1.jpg', TRUE);
INSERT INTO relative_contact (user_id, type, fullname, phone_number) VALUES ('c6e07628-4633-4dc5-aa83-c088be3b53a8', 'Uncle', 'Kashvi Chaudhry', '+919959522258');
INSERT INTO users (user_id, username, fullname, email, phone_number, password, profile_created_for, date_of_birth, gender, marital_status, religion_id, account_active, is_onboarded) VALUES ('eb7b62a1-08c1-4c12-b37b-b5417e5518e0', 'neysa016', 'Neysa Kurian', 'neysa.kurian016@example.com', '+917564423742', 'password123', 'Self', '1989-05-17', 'Female', 'Single', NULL, FALSE, TRUE);
INSERT INTO lifestyle (user_id, height_id, weight, blood_group, diet) VALUES ('eb7b62a1-08c1-4c12-b37b-b5417e5518e0', 33, 62, 'AB+', 'Vegetarian');
INSERT INTO preferred_partner_choice (user_id, min_age, max_age, expected_salary_id, salary_type) VALUES ('eb7b62a1-08c1-4c12-b37b-b5417e5518e0', 23, 28, NULL, 'Annual');
INSERT INTO profile_picture (user_id, filename, is_profile_pic) VALUES ('eb7b62a1-08c1-4c12-b37b-b5417e5518e0', 'user16_pic1.jpg', TRUE);
INSERT INTO relative_contact (user_id, type, fullname, phone_number) VALUES ('eb7b62a1-08c1-4c12-b37b-b5417e5518e0', 'Sister', 'Suhana Wadhwa', '+919580846442');
INSERT INTO users (user_id, username, fullname, email, phone_number, password, profile_created_for, date_of_birth, gender, marital_status, religion_id, account_active, is_onboarded) VALUES ('010faea1-b2a8-41e9-bec9-5e3ce4f4338f', 'riaan017', 'Riaan Karpe', 'riaan.karpe017@example.com', '+916313149438', 'password123', 'Self', '1988-01-26', 'Female', 'Single', NULL, TRUE, FALSE);
INSERT INTO lifestyle (user_id, height_id, weight, blood_group, diet) VALUES ('010faea1-b2a8-41e9-bec9-5e3ce4f4338f', 31, 73, 'B-', 'Eggetarian');
INSERT INTO preferred_partner_choice (user_id, min_age, max_age, expected_salary_id, salary_type) VALUES ('010faea1-b2a8-41e9-bec9-5e3ce4f4338f', 22, 27, NULL, 'Annual');
INSERT INTO profile_picture (user_id, filename, is_profile_pic) VALUES ('010faea1-b2a8-41e9-bec9-5e3ce4f4338f', 'user17_pic1.jpg', TRUE);
INSERT INTO relative_contact (user_id, type, fullname, phone_number) VALUES ('010faea1-b2a8-41e9-bec9-5e3ce4f4338f', 'Sister', 'Charvi Krishnan', '+917669084369');
INSERT INTO users (user_id, username, fullname, email, phone_number, password, profile_created_for, date_of_birth, gender, marital_status, religion_id, account_active, is_onboarded) VALUES ('f8e381a4-abb1-47a4-ba66-719834ac5ce1', 'abram018', 'Abram Dey', 'abram.dey018@example.com', '+916780133398', 'password123', 'Self', '1989-10-07', 'Male', 'Widowed', NULL, FALSE, TRUE);
INSERT INTO lifestyle (user_id, height_id, weight, blood_group, diet) VALUES ('f8e381a4-abb1-47a4-ba66-719834ac5ce1', 7, 84, 'A+', 'Non-Vegetarian');
INSERT INTO preferred_partner_choice (user_id, min_age, max_age, expected_salary_id, salary_type) VALUES ('f8e381a4-abb1-47a4-ba66-719834ac5ce1', 24, 29, NULL, 'Annual');
INSERT INTO profile_picture (user_id, filename, is_profile_pic) VALUES ('f8e381a4-abb1-47a4-ba66-719834ac5ce1', 'user18_pic1.jpg', TRUE);
INSERT INTO relative_contact (user_id, type, fullname, phone_number) VALUES ('f8e381a4-abb1-47a4-ba66-719834ac5ce1', 'Brother', 'Zoya Sharma', '+917203139268');
INSERT INTO users (user_id, username, fullname, email, phone_number, password, profile_created_for, date_of_birth, gender, marital_status, religion_id, account_active, is_onboarded) VALUES ('03e7a1a7-e02a-4bfc-9bf7-aa8da1cb7a59', 'aaryahi019', 'Aaryahi Sha', 'aaryahi.sha019@example.com', '+916261018510', 'password123', 'Self', '1989-12-22', 'Female', 'Single', NULL, TRUE, FALSE);
INSERT INTO lifestyle (user_id, height_id, weight, blood_group, diet) VALUES ('03e7a1a7-e02a-4bfc-9bf7-aa8da1cb7a59', 27, 50, 'O-', 'Non-Vegetarian');
INSERT INTO preferred_partner_choice (user_id, min_age, max_age, expected_salary_id, salary_type) VALUES ('03e7a1a7-e02a-4bfc-9bf7-aa8da1cb7a59', 21, 26, NULL, 'Annual');
INSERT INTO profile_picture (user_id, filename, is_profile_pic) VALUES ('03e7a1a7-e02a-4bfc-9bf7-aa8da1cb7a59', 'user19_pic1.jpg', TRUE);
INSERT INTO relative_contact (user_id, type, fullname, phone_number) VALUES ('03e7a1a7-e02a-4bfc-9bf7-aa8da1cb7a59', 'Sister', 'Kimaya Bhalla', '+917271548962');
INSERT INTO users (user_id, username, fullname, email, phone_number, password, profile_created_for, date_of_birth, gender, marital_status, religion_id, account_active, is_onboarded) VALUES ('87ca7657-0554-426f-b63f-60711929f638', 'akarsh020', 'Akarsh Zachariah', 'akarsh.zachariah020@example.com', '+916513103139', 'password123', 'Self', '1983-10-28', 'Female', 'Single', NULL, TRUE, TRUE);
INSERT INTO lifestyle (user_id, height_id, weight, blood_group, diet) VALUES ('87ca7657-0554-426f-b63f-60711929f638', 1, 67, 'B-', 'Vegetarian');
INSERT INTO preferred_partner_choice (user_id, min_age, max_age, expected_salary_id, salary_type) VALUES ('87ca7657-0554-426f-b63f-60711929f638', 21, 26, NULL, 'Annual');
INSERT INTO profile_picture (user_id, filename, is_profile_pic) VALUES ('87ca7657-0554-426f-b63f-60711929f638', 'user20_pic1.jpg', TRUE);
INSERT INTO relative_contact (user_id, type, fullname, phone_number) VALUES ('87ca7657-0554-426f-b63f-60711929f638', 'Mother', 'Dhanush Mander', '+918905115036');
INSERT INTO users (user_id, username, fullname, email, phone_number, password, profile_created_for, date_of_birth, gender, marital_status, religion_id, account_active, is_onboarded) VALUES ('3bd9c310-e7fb-4bad-a79e-7abd74fcabd6', 'ayesha021', 'Ayesha Ratta', 'ayesha.ratta021@example.com', '+916840184717', 'password123', 'Self', '1994-07-01', 'Female', 'Single', NULL, FALSE, FALSE);
INSERT INTO lifestyle (user_id, height_id, weight, blood_group, diet) VALUES ('3bd9c310-e7fb-4bad-a79e-7abd74fcabd6', 24, 68, 'B-', 'Non-Vegetarian');
INSERT INTO preferred_partner_choice (user_id, min_age, max_age, expected_salary_id, salary_type) VALUES ('3bd9c310-e7fb-4bad-a79e-7abd74fcabd6', 24, 29, NULL, 'Annual');
INSERT INTO profile_picture (user_id, filename, is_profile_pic) VALUES ('3bd9c310-e7fb-4bad-a79e-7abd74fcabd6', 'user21_pic1.jpg', TRUE);
INSERT INTO relative_contact (user_id, type, fullname, phone_number) VALUES ('3bd9c310-e7fb-4bad-a79e-7abd74fcabd6', 'Sister', 'Vihaan Kumer', '+919242525845');
INSERT INTO users (user_id, username, fullname, email, phone_number, password, profile_created_for, date_of_birth, gender, marital_status, religion_id, account_active, is_onboarded) VALUES ('7b1694e9-948a-400a-9c90-80192a90774d', 'zara022', 'Zara Bahri', 'zara.bahri022@example.com', '+919481125479', 'password123', 'Self', '1985-02-04', 'Female', 'Single', NULL, FALSE, FALSE);
INSERT INTO lifestyle (user_id, height_id, weight, blood_group, diet) VALUES ('7b1694e9-948a-400a-9c90-80192a90774d', 1, 56, 'B+', 'Vegetarian');
INSERT INTO preferred_partner_choice (user_id, min_age, max_age, expected_salary_id, salary_type) VALUES ('7b1694e9-948a-400a-9c90-80192a90774d', 22, 27, NULL, 'Annual');
INSERT INTO profile_picture (user_id, filename, is_profile_pic) VALUES ('7b1694e9-948a-400a-9c90-80192a90774d', 'user22_pic1.jpg', TRUE);
INSERT INTO relative_contact (user_id, type, fullname, phone_number) VALUES ('7b1694e9-948a-400a-9c90-80192a90774d', 'Uncle', 'Azad Kapur', '+918589320977');
INSERT INTO users (user_id, username, fullname, email, phone_number, password, profile_created_for, date_of_birth, gender, marital_status, religion_id, account_active, is_onboarded) VALUES ('d11df153-f234-40d3-9068-69a21ad16ae4', 'lavanya023', 'Lavanya Bhalla', 'lavanya.bhalla023@example.com', '+919066875846', 'password123', 'Self', '1995-03-15', 'Male', 'Single', NULL, FALSE, TRUE);
INSERT INTO lifestyle (user_id, height_id, weight, blood_group, diet) VALUES ('d11df153-f234-40d3-9068-69a21ad16ae4', 1, 78, 'A+', 'Eggetarian');
INSERT INTO preferred_partner_choice (user_id, min_age, max_age, expected_salary_id, salary_type) VALUES ('d11df153-f234-40d3-9068-69a21ad16ae4', 24, 29, NULL, 'Annual');
INSERT INTO profile_picture (user_id, filename, is_profile_pic) VALUES ('d11df153-f234-40d3-9068-69a21ad16ae4', 'user23_pic1.jpg', TRUE);
INSERT INTO relative_contact (user_id, type, fullname, phone_number) VALUES ('d11df153-f234-40d3-9068-69a21ad16ae4', 'Father', 'Yashvi Brar', '+917669704138');
INSERT INTO users (user_id, username, fullname, email, phone_number, password, profile_created_for, date_of_birth, gender, marital_status, religion_id, account_active, is_onboarded) VALUES ('2a9c768a-1c38-44f9-9e3e-9c3c80017e27', 'tiya024', 'Tiya Bandi', 'tiya.bandi024@example.com', '+918313950923', 'password123', 'Self', '1998-06-04', 'Male', 'Widowed', NULL, TRUE, TRUE);
INSERT INTO lifestyle (user_id, height_id, weight, blood_group, diet) VALUES ('2a9c768a-1c38-44f9-9e3e-9c3c80017e27', 15, 88, 'O-', 'Vegetarian');
INSERT INTO preferred_partner_choice (user_id, min_age, max_age, expected_salary_id, salary_type) VALUES ('2a9c768a-1c38-44f9-9e3e-9c3c80017e27', 23, 28, NULL, 'Annual');
INSERT INTO profile_picture (user_id, filename, is_profile_pic) VALUES ('2a9c768a-1c38-44f9-9e3e-9c3c80017e27', 'user24_pic1.jpg', TRUE);
INSERT INTO relative_contact (user_id, type, fullname, phone_number) VALUES ('2a9c768a-1c38-44f9-9e3e-9c3c80017e27', 'Sister', 'Jayesh Chandra', '+917536900068');
INSERT INTO users (user_id, username, fullname, email, phone_number, password, profile_created_for, date_of_birth, gender, marital_status, religion_id, account_active, is_onboarded) VALUES ('50642636-485f-4ce7-8849-10b24284faa3', 'pranay025', 'Pranay Sarin', 'pranay.sarin025@example.com', '+918661852406', 'password123', 'Self', '1994-01-09', 'Male', 'Single', NULL, FALSE, FALSE);
INSERT INTO lifestyle (user_id, height_id, weight, blood_group, diet) VALUES ('50642636-485f-4ce7-8849-10b24284faa3', 7, 67, 'B-', 'Non-Vegetarian');
INSERT INTO preferred_partner_choice (user_id, min_age, max_age, expected_salary_id, salary_type) VALUES ('50642636-485f-4ce7-8849-10b24284faa3', 22, 27, NULL, 'Annual');
INSERT INTO profile_picture (user_id, filename, is_profile_pic) VALUES ('50642636-485f-4ce7-8849-10b24284faa3', 'user25_pic1.jpg', TRUE);
INSERT INTO relative_contact (user_id, type, fullname, phone_number) VALUES ('50642636-485f-4ce7-8849-10b24284faa3', 'Sister', 'Bhavin Bose', '+917829162106');
INSERT INTO users (user_id, username, fullname, email, phone_number, password, profile_created_for, date_of_birth, gender, marital_status, religion_id, account_active, is_onboarded) VALUES ('123d5be4-92fb-4bfa-b655-acf95c39b344', 'faiyaz026', 'Faiyaz Gala', 'faiyaz.gala026@example.com', '+916696122769', 'password123', 'Self', '1995-06-29', 'Male', 'Widowed', NULL, FALSE, TRUE);
INSERT INTO lifestyle (user_id, height_id, weight, blood_group, diet) VALUES ('123d5be4-92fb-4bfa-b655-acf95c39b344', 13, 89, 'O-', 'Non-Vegetarian');
INSERT INTO preferred_partner_choice (user_id, min_age, max_age, expected_salary_id, salary_type) VALUES ('123d5be4-92fb-4bfa-b655-acf95c39b344', 21, 26, NULL, 'Annual');
INSERT INTO profile_picture (user_id, filename, is_profile_pic) VALUES ('123d5be4-92fb-4bfa-b655-acf95c39b344', 'user26_pic1.jpg', TRUE);
INSERT INTO relative_contact (user_id, type, fullname, phone_number) VALUES ('123d5be4-92fb-4bfa-b655-acf95c39b344', 'Brother', 'Aniruddh Boase', '+918584517237');
INSERT INTO users (user_id, username, fullname, email, phone_number, password, profile_created_for, date_of_birth, gender, marital_status, religion_id, account_active, is_onboarded) VALUES ('5a3f99a0-37e0-4d17-b0b1-cce97b0f1b3f', 'farhan027', 'Farhan Saha', 'farhan.saha027@example.com', '+917742819263', 'password123', 'Self', '1995-01-28', 'Male', 'Widowed', NULL, TRUE, FALSE);
INSERT INTO lifestyle (user_id, height_id, weight, blood_group, diet) VALUES ('5a3f99a0-37e0-4d17-b0b1-cce97b0f1b3f', 36, 72, 'B+', 'Eggetarian');
INSERT INTO preferred_partner_choice (user_id, min_age, max_age, expected_salary_id, salary_type) VALUES ('5a3f99a0-37e0-4d17-b0b1-cce97b0f1b3f', 22, 27, NULL, 'Annual');
INSERT INTO profile_picture (user_id, filename, is_profile_pic) VALUES ('5a3f99a0-37e0-4d17-b0b1-cce97b0f1b3f', 'user27_pic1.jpg', TRUE);
INSERT INTO relative_contact (user_id, type, fullname, phone_number) VALUES ('5a3f99a0-37e0-4d17-b0b1-cce97b0f1b3f', 'Father', 'Aayush Thakur', '+919826171019');
INSERT INTO users (user_id, username, fullname, email, phone_number, password, profile_created_for, date_of_birth, gender, marital_status, religion_id, account_active, is_onboarded) VALUES ('654b0337-b0a1-4df2-90af-a0eae8bc1638', 'arhaan028', 'Arhaan Kale', 'arhaan.kale028@example.com', '+917536197354', 'password123', 'Self', '1997-09-20', 'Male', 'Single', NULL, FALSE, TRUE);
INSERT INTO lifestyle (user_id, height_id, weight, blood_group, diet) VALUES ('654b0337-b0a1-4df2-90af-a0eae8bc1638', 29, 77, 'O+', 'Eggetarian');
INSERT INTO preferred_partner_choice (user_id, min_age, max_age, expected_salary_id, salary_type) VALUES ('654b0337-b0a1-4df2-90af-a0eae8bc1638', 23, 28, NULL, 'Annual');
INSERT INTO profile_picture (user_id, filename, is_profile_pic) VALUES ('654b0337-b0a1-4df2-90af-a0eae8bc1638', 'user28_pic1.jpg', TRUE);
INSERT INTO relative_contact (user_id, type, fullname, phone_number) VALUES ('654b0337-b0a1-4df2-90af-a0eae8bc1638', 'Aunt', 'Saksham Ratti', '+919808806954');
INSERT INTO users (user_id, username, fullname, email, phone_number, password, profile_created_for, date_of_birth, gender, marital_status, religion_id, account_active, is_onboarded) VALUES ('5691de94-a08b-4569-aa07-e8d648f2dabb', 'farhan029', 'Farhan Golla', 'farhan.golla029@example.com', '+916902082267', 'password123', 'Self', '1994-01-08', 'Male', 'Single', NULL, TRUE, TRUE);
INSERT INTO lifestyle (user_id, height_id, weight, blood_group, diet) VALUES ('5691de94-a08b-4569-aa07-e8d648f2dabb', 27, 54, 'A-', 'Vegetarian');
INSERT INTO preferred_partner_choice (user_id, min_age, max_age, expected_salary_id, salary_type) VALUES ('5691de94-a08b-4569-aa07-e8d648f2dabb', 20, 25, NULL, 'Annual');
INSERT INTO profile_picture (user_id, filename, is_profile_pic) VALUES ('5691de94-a08b-4569-aa07-e8d648f2dabb', 'user29_pic1.jpg', TRUE);
INSERT INTO relative_contact (user_id, type, fullname, phone_number) VALUES ('5691de94-a08b-4569-aa07-e8d648f2dabb', 'Aunt', 'Anika Varty', '+919596258927');
INSERT INTO users (user_id, username, fullname, email, phone_number, password, profile_created_for, date_of_birth, gender, marital_status, religion_id, account_active, is_onboarded) VALUES ('eaa81dd3-1d7e-4992-aab7-d5660e7087dd', 'tara030', 'Tara Goswami', 'tara.goswami030@example.com', '+918132828974', 'password123', 'Self', '1998-12-08', 'Male', 'Divorced', NULL, FALSE, FALSE);
INSERT INTO lifestyle (user_id, height_id, weight, blood_group, diet) VALUES ('eaa81dd3-1d7e-4992-aab7-d5660e7087dd', 11, 61, 'O+', 'Vegetarian');
INSERT INTO preferred_partner_choice (user_id, min_age, max_age, expected_salary_id, salary_type) VALUES ('eaa81dd3-1d7e-4992-aab7-d5660e7087dd', 24, 29, NULL, 'Annual');
INSERT INTO profile_picture (user_id, filename, is_profile_pic) VALUES ('eaa81dd3-1d7e-4992-aab7-d5660e7087dd', 'user30_pic1.jpg', TRUE);
INSERT INTO relative_contact (user_id, type, fullname, phone_number) VALUES ('eaa81dd3-1d7e-4992-aab7-d5660e7087dd', 'Uncle', 'Kimaya Sarin', '+917418505153');
INSERT INTO users (user_id, username, fullname, email, phone_number, password, profile_created_for, date_of_birth, gender, marital_status, religion_id, account_active, is_onboarded) VALUES ('22241443-9c6a-4c93-bcf3-b1443c49fe80', 'madhav031', 'Madhav Mammen', 'madhav.mammen031@example.com', '+916153662180', 'password123', 'Self', '1996-02-10', 'Female', 'Widowed', NULL, TRUE, FALSE);
INSERT INTO lifestyle (user_id, height_id, weight, blood_group, diet) VALUES ('22241443-9c6a-4c93-bcf3-b1443c49fe80', 14, 56, 'B+', 'Eggetarian');
INSERT INTO preferred_partner_choice (user_id, min_age, max_age, expected_salary_id, salary_type) VALUES ('22241443-9c6a-4c93-bcf3-b1443c49fe80', 24, 29, NULL, 'Annual');
INSERT INTO profile_picture (user_id, filename, is_profile_pic) VALUES ('22241443-9c6a-4c93-bcf3-b1443c49fe80', 'user31_pic1.jpg', TRUE);
INSERT INTO relative_contact (user_id, type, fullname, phone_number) VALUES ('22241443-9c6a-4c93-bcf3-b1443c49fe80', 'Brother', 'Advik Kari', '+918812684349');
INSERT INTO users (user_id, username, fullname, email, phone_number, password, profile_created_for, date_of_birth, gender, marital_status, religion_id, account_active, is_onboarded) VALUES ('e54c75b3-cee7-4169-8f9a-93ebe38d284d', 'urvi032', 'Urvi Bhagat', 'urvi.bhagat032@example.com', '+919643748833', 'password123', 'Self', '1986-03-07', 'Female', 'Widowed', NULL, TRUE, TRUE);
INSERT INTO lifestyle (user_id, height_id, weight, blood_group, diet) VALUES ('e54c75b3-cee7-4169-8f9a-93ebe38d284d', 3, 60, 'B-', 'Vegetarian');
INSERT INTO preferred_partner_choice (user_id, min_age, max_age, expected_salary_id, salary_type) VALUES ('e54c75b3-cee7-4169-8f9a-93ebe38d284d', 23, 28, NULL, 'Annual');
INSERT INTO profile_picture (user_id, filename, is_profile_pic) VALUES ('e54c75b3-cee7-4169-8f9a-93ebe38d284d', 'user32_pic1.jpg', TRUE);
INSERT INTO relative_contact (user_id, type, fullname, phone_number) VALUES ('e54c75b3-cee7-4169-8f9a-93ebe38d284d', 'Brother', 'Yashvi Mangat', '+919663574322');
INSERT INTO users (user_id, username, fullname, email, phone_number, password, profile_created_for, date_of_birth, gender, marital_status, religion_id, account_active, is_onboarded) VALUES ('8ceb5ebc-3579-4bd8-b57a-3ce88a41e700', 'madhup033', 'Madhup Uppal', 'madhup.uppal033@example.com', '+918862350049', 'password123', 'Self', '1986-11-25', 'Female', 'Single', NULL, FALSE, TRUE);
INSERT INTO lifestyle (user_id, height_id, weight, blood_group, diet) VALUES ('8ceb5ebc-3579-4bd8-b57a-3ce88a41e700', 20, 57, 'B-', 'Vegetarian');
INSERT INTO preferred_partner_choice (user_id, min_age, max_age, expected_salary_id, salary_type) VALUES ('8ceb5ebc-3579-4bd8-b57a-3ce88a41e700', 23, 28, NULL, 'Annual');
INSERT INTO profile_picture (user_id, filename, is_profile_pic) VALUES ('8ceb5ebc-3579-4bd8-b57a-3ce88a41e700', 'user33_pic1.jpg', TRUE);
INSERT INTO relative_contact (user_id, type, fullname, phone_number) VALUES ('8ceb5ebc-3579-4bd8-b57a-3ce88a41e700', 'Brother', 'Shalv Ganesh', '+917621471889');
INSERT INTO users (user_id, username, fullname, email, phone_number, password, profile_created_for, date_of_birth, gender, marital_status, religion_id, account_active, is_onboarded) VALUES ('64a54c76-5d4e-4d85-8b14-3fe7db653d09', 'tejas034', 'Tejas Seth', 'tejas.seth034@example.com', '+916688796635', 'password123', 'Self', '1994-04-29', 'Female', 'Single', NULL, TRUE, TRUE);
INSERT INTO lifestyle (user_id, height_id, weight, blood_group, diet) VALUES ('64a54c76-5d4e-4d85-8b14-3fe7db653d09', 17, 83, 'O+', 'Vegetarian');
INSERT INTO preferred_partner_choice (user_id, min_age, max_age, expected_salary_id, salary_type) VALUES ('64a54c76-5d4e-4d85-8b14-3fe7db653d09', 22, 27, NULL, 'Annual');
INSERT INTO profile_picture (user_id, filename, is_profile_pic) VALUES ('64a54c76-5d4e-4d85-8b14-3fe7db653d09', 'user34_pic1.jpg', TRUE);
INSERT INTO relative_contact (user_id, type, fullname, phone_number) VALUES ('64a54c76-5d4e-4d85-8b14-3fe7db653d09', 'Mother', 'Misha Bhasin', '+917690290353');
INSERT INTO users (user_id, username, fullname, email, phone_number, password, profile_created_for, date_of_birth, gender, marital_status, religion_id, account_active, is_onboarded) VALUES ('63d08994-7f8e-462b-b7b1-50243e570be6', 'baiju035', 'Baiju Dhar', 'baiju.dhar035@example.com', '+916295108151', 'password123', 'Self', '1991-09-06', 'Male', 'Single', NULL, TRUE, FALSE);
INSERT INTO lifestyle (user_id, height_id, weight, blood_group, diet) VALUES ('63d08994-7f8e-462b-b7b1-50243e570be6', 5, 53, 'A-', 'Eggetarian');
INSERT INTO preferred_partner_choice (user_id, min_age, max_age, expected_salary_id, salary_type) VALUES ('63d08994-7f8e-462b-b7b1-50243e570be6', 21, 26, NULL, 'Annual');
INSERT INTO profile_picture (user_id, filename, is_profile_pic) VALUES ('63d08994-7f8e-462b-b7b1-50243e570be6', 'user35_pic1.jpg', TRUE);
INSERT INTO relative_contact (user_id, type, fullname, phone_number) VALUES ('63d08994-7f8e-462b-b7b1-50243e570be6', 'Father', 'Jayan Choudhary', '+918148569728');
INSERT INTO users (user_id, username, fullname, email, phone_number, password, profile_created_for, date_of_birth, gender, marital_status, religion_id, account_active, is_onboarded) VALUES ('ede63c30-332c-4523-a10e-108a7f58d792', 'anya036', 'Anya Mammen', 'anya.mammen036@example.com', '+916857545894', 'password123', 'Self', '1991-01-17', 'Male', 'Divorced', NULL, TRUE, TRUE);
INSERT INTO lifestyle (user_id, height_id, weight, blood_group, diet) VALUES ('ede63c30-332c-4523-a10e-108a7f58d792', 35, 54, 'AB+', 'Vegetarian');
INSERT INTO preferred_partner_choice (user_id, min_age, max_age, expected_salary_id, salary_type) VALUES ('ede63c30-332c-4523-a10e-108a7f58d792', 23, 28, NULL, 'Annual');
INSERT INTO profile_picture (user_id, filename, is_profile_pic) VALUES ('ede63c30-332c-4523-a10e-108a7f58d792', 'user36_pic1.jpg', TRUE);
INSERT INTO relative_contact (user_id, type, fullname, phone_number) VALUES ('ede63c30-332c-4523-a10e-108a7f58d792', 'Mother', 'Purab Ravi', '+917333068388');
INSERT INTO users (user_id, username, fullname, email, phone_number, password, profile_created_for, date_of_birth, gender, marital_status, religion_id, account_active, is_onboarded) VALUES ('370995e6-e837-4f3d-a055-c7b73c9834d7', 'romil037', 'Romil Sankaran', 'romil.sankaran037@example.com', '+919633464377', 'password123', 'Self', '1988-02-04', 'Male', 'Single', NULL, TRUE, TRUE);
INSERT INTO lifestyle (user_id, height_id, weight, blood_group, diet) VALUES ('370995e6-e837-4f3d-a055-c7b73c9834d7', 9, 66, 'O+', 'Vegetarian');
INSERT INTO preferred_partner_choice (user_id, min_age, max_age, expected_salary_id, salary_type) VALUES ('370995e6-e837-4f3d-a055-c7b73c9834d7', 20, 25, NULL, 'Annual');
INSERT INTO profile_picture (user_id, filename, is_profile_pic) VALUES ('370995e6-e837-4f3d-a055-c7b73c9834d7', 'user37_pic1.jpg', TRUE);
INSERT INTO relative_contact (user_id, type, fullname, phone_number) VALUES ('370995e6-e837-4f3d-a055-c7b73c9834d7', 'Sister', 'Keya Contractor', '+919170884268');
INSERT INTO users (user_id, username, fullname, email, phone_number, password, profile_created_for, date_of_birth, gender, marital_status, religion_id, account_active, is_onboarded) VALUES ('380a56a1-cd3e-49c8-b008-30344de60705', 'vidur038', 'Vidur Amble', 'vidur.amble038@example.com', '+916818991955', 'password123', 'Self', '1983-06-27', 'Male', 'Single', NULL, TRUE, FALSE);
INSERT INTO lifestyle (user_id, height_id, weight, blood_group, diet) VALUES ('380a56a1-cd3e-49c8-b008-30344de60705', 25, 63, 'A-', 'Vegetarian');
INSERT INTO preferred_partner_choice (user_id, min_age, max_age, expected_salary_id, salary_type) VALUES ('380a56a1-cd3e-49c8-b008-30344de60705', 25, 30, NULL, 'Annual');
INSERT INTO profile_picture (user_id, filename, is_profile_pic) VALUES ('380a56a1-cd3e-49c8-b008-30344de60705', 'user38_pic1.jpg', TRUE);
INSERT INTO relative_contact (user_id, type, fullname, phone_number) VALUES ('380a56a1-cd3e-49c8-b008-30344de60705', 'Uncle', 'Hrishita Ray', '+918174054066');
INSERT INTO users (user_id, username, fullname, email, phone_number, password, profile_created_for, date_of_birth, gender, marital_status, religion_id, account_active, is_onboarded) VALUES ('f6536cc3-30ed-4841-b39a-03339c1b5967', 'misha039', 'Misha Uppal', 'misha.uppal039@example.com', '+918986432517', 'password123', 'Self', '1982-12-26', 'Male', 'Divorced', NULL, TRUE, FALSE);
INSERT INTO lifestyle (user_id, height_id, weight, blood_group, diet) VALUES ('f6536cc3-30ed-4841-b39a-03339c1b5967', 34, 55, 'O+', 'Non-Vegetarian');
INSERT INTO preferred_partner_choice (user_id, min_age, max_age, expected_salary_id, salary_type) VALUES ('f6536cc3-30ed-4841-b39a-03339c1b5967', 25, 30, NULL, 'Annual');
INSERT INTO profile_picture (user_id, filename, is_profile_pic) VALUES ('f6536cc3-30ed-4841-b39a-03339c1b5967', 'user39_pic1.jpg', TRUE);
INSERT INTO relative_contact (user_id, type, fullname, phone_number) VALUES ('f6536cc3-30ed-4841-b39a-03339c1b5967', 'Brother', 'Dhanuk Randhawa', '+918533989582');
INSERT INTO users (user_id, username, fullname, email, phone_number, password, profile_created_for, date_of_birth, gender, marital_status, religion_id, account_active, is_onboarded) VALUES ('cbeef55f-8aec-414f-85be-068989005956', 'jayesh040', 'Jayesh Issac', 'jayesh.issac040@example.com', '+918905165645', 'password123', 'Self', '1984-02-03', 'Female', 'Single', NULL, FALSE, FALSE);
INSERT INTO lifestyle (user_id, height_id, weight, blood_group, diet) VALUES ('cbeef55f-8aec-414f-85be-068989005956', 28, 59, 'AB-', 'Non-Vegetarian');
INSERT INTO preferred_partner_choice (user_id, min_age, max_age, expected_salary_id, salary_type) VALUES ('cbeef55f-8aec-414f-85be-068989005956', 21, 26, NULL, 'Annual');
INSERT INTO profile_picture (user_id, filename, is_profile_pic) VALUES ('cbeef55f-8aec-414f-85be-068989005956', 'user40_pic1.jpg', TRUE);
INSERT INTO relative_contact (user_id, type, fullname, phone_number) VALUES ('cbeef55f-8aec-414f-85be-068989005956', 'Father', 'Jayesh Subramaniam', '+919742450312');
INSERT INTO users (user_id, username, fullname, email, phone_number, password, profile_created_for, date_of_birth, gender, marital_status, religion_id, account_active, is_onboarded) VALUES ('cba9a238-e486-4026-ba47-93f18f220e5f', 'kavya041', 'Kavya Kohli', 'kavya.kohli041@example.com', '+917545954097', 'password123', 'Self', '1983-07-24', 'Male', 'Single', NULL, FALSE, FALSE);
INSERT INTO lifestyle (user_id, height_id, weight, blood_group, diet) VALUES ('cba9a238-e486-4026-ba47-93f18f220e5f', 18, 62, 'A-', 'Eggetarian');
INSERT INTO preferred_partner_choice (user_id, min_age, max_age, expected_salary_id, salary_type) VALUES ('cba9a238-e486-4026-ba47-93f18f220e5f', 23, 28, NULL, 'Annual');
INSERT INTO profile_picture (user_id, filename, is_profile_pic) VALUES ('cba9a238-e486-4026-ba47-93f18f220e5f', 'user41_pic1.jpg', TRUE);
INSERT INTO relative_contact (user_id, type, fullname, phone_number) VALUES ('cba9a238-e486-4026-ba47-93f18f220e5f', 'Aunt', 'Charvi Khatri', '+919217389517');
INSERT INTO users (user_id, username, fullname, email, phone_number, password, profile_created_for, date_of_birth, gender, marital_status, religion_id, account_active, is_onboarded) VALUES ('0d11f2f8-f9d3-4ab7-aff8-3625355a52b1', 'stuvan042', 'Stuvan Wable', 'stuvan.wable042@example.com', '+918325501026', 'password123', 'Self', '1983-01-18', 'Male', 'Widowed', NULL, FALSE, TRUE);
INSERT INTO lifestyle (user_id, height_id, weight, blood_group, diet) VALUES ('0d11f2f8-f9d3-4ab7-aff8-3625355a52b1', 20, 70, 'O-', 'Eggetarian');
INSERT INTO preferred_partner_choice (user_id, min_age, max_age, expected_salary_id, salary_type) VALUES ('0d11f2f8-f9d3-4ab7-aff8-3625355a52b1', 23, 28, NULL, 'Annual');
INSERT INTO profile_picture (user_id, filename, is_profile_pic) VALUES ('0d11f2f8-f9d3-4ab7-aff8-3625355a52b1', 'user42_pic1.jpg', TRUE);
INSERT INTO relative_contact (user_id, type, fullname, phone_number) VALUES ('0d11f2f8-f9d3-4ab7-aff8-3625355a52b1', 'Mother', 'Diya Rao', '+918620382796');
INSERT INTO users (user_id, username, fullname, email, phone_number, password, profile_created_for, date_of_birth, gender, marital_status, religion_id, account_active, is_onboarded) VALUES ('9a9e4e53-3e78-4f9a-a0be-1ea58cd7a01b', 'yuvraj 043', 'Yuvraj  Chaudhry', 'yuvraj .chaudhry043@example.com', '+919541707280', 'password123', 'Self', '1991-08-17', 'Female', 'Single', NULL, TRUE, TRUE);
INSERT INTO lifestyle (user_id, height_id, weight, blood_group, diet) VALUES ('9a9e4e53-3e78-4f9a-a0be-1ea58cd7a01b', 23, 60, 'A+', 'Eggetarian');
INSERT INTO preferred_partner_choice (user_id, min_age, max_age, expected_salary_id, salary_type) VALUES ('9a9e4e53-3e78-4f9a-a0be-1ea58cd7a01b', 21, 26, NULL, 'Annual');
INSERT INTO profile_picture (user_id, filename, is_profile_pic) VALUES ('9a9e4e53-3e78-4f9a-a0be-1ea58cd7a01b', 'user43_pic1.jpg', TRUE);
INSERT INTO relative_contact (user_id, type, fullname, phone_number) VALUES ('9a9e4e53-3e78-4f9a-a0be-1ea58cd7a01b', 'Aunt', 'Riaan Ray', '+917456091240');
INSERT INTO users (user_id, username, fullname, email, phone_number, password, profile_created_for, date_of_birth, gender, marital_status, religion_id, account_active, is_onboarded) VALUES ('7eb6933f-bf4c-4309-b707-611c3fd1c611', 'badal044', 'Badal Goda', 'badal.goda044@example.com', '+918905232042', 'password123', 'Self', '1990-07-31', 'Female', 'Single', NULL, TRUE, FALSE);
INSERT INTO lifestyle (user_id, height_id, weight, blood_group, diet) VALUES ('7eb6933f-bf4c-4309-b707-611c3fd1c611', 5, 76, 'B+', 'Eggetarian');
INSERT INTO preferred_partner_choice (user_id, min_age, max_age, expected_salary_id, salary_type) VALUES ('7eb6933f-bf4c-4309-b707-611c3fd1c611', 20, 25, NULL, 'Annual');
INSERT INTO profile_picture (user_id, filename, is_profile_pic) VALUES ('7eb6933f-bf4c-4309-b707-611c3fd1c611', 'user44_pic1.jpg', TRUE);
INSERT INTO relative_contact (user_id, type, fullname, phone_number) VALUES ('7eb6933f-bf4c-4309-b707-611c3fd1c611', 'Uncle', 'Lagan Khare', '+918872652171');
INSERT INTO users (user_id, username, fullname, email, phone_number, password, profile_created_for, date_of_birth, gender, marital_status, religion_id, account_active, is_onboarded) VALUES ('4aa524ce-b79d-4c81-bc64-94e322ff2ab9', 'aaryahi045', 'Aaryahi Bandi', 'aaryahi.bandi045@example.com', '+916956176221', 'password123', 'Self', '1989-10-02', 'Female', 'Divorced', NULL, FALSE, TRUE);
INSERT INTO lifestyle (user_id, height_id, weight, blood_group, diet) VALUES ('4aa524ce-b79d-4c81-bc64-94e322ff2ab9', 8, 50, 'B+', 'Vegetarian');
INSERT INTO preferred_partner_choice (user_id, min_age, max_age, expected_salary_id, salary_type) VALUES ('4aa524ce-b79d-4c81-bc64-94e322ff2ab9', 24, 29, NULL, 'Annual');
INSERT INTO profile_picture (user_id, filename, is_profile_pic) VALUES ('4aa524ce-b79d-4c81-bc64-94e322ff2ab9', 'user45_pic1.jpg', TRUE);
INSERT INTO relative_contact (user_id, type, fullname, phone_number) VALUES ('4aa524ce-b79d-4c81-bc64-94e322ff2ab9', 'Mother', 'Mamooty Dugar', '+918783827929');
INSERT INTO users (user_id, username, fullname, email, phone_number, password, profile_created_for, date_of_birth, gender, marital_status, religion_id, account_active, is_onboarded) VALUES ('13c9689d-3a3f-4354-a294-ad2b6bc73e0f', 'jayan046', 'Jayan Badal', 'jayan.badal046@example.com', '+917527965990', 'password123', 'Self', '2000-07-10', 'Female', 'Single', NULL, TRUE, TRUE);
INSERT INTO lifestyle (user_id, height_id, weight, blood_group, diet) VALUES ('13c9689d-3a3f-4354-a294-ad2b6bc73e0f', 22, 78, 'B+', 'Vegetarian');
INSERT INTO preferred_partner_choice (user_id, min_age, max_age, expected_salary_id, salary_type) VALUES ('13c9689d-3a3f-4354-a294-ad2b6bc73e0f', 21, 26, NULL, 'Annual');
INSERT INTO profile_picture (user_id, filename, is_profile_pic) VALUES ('13c9689d-3a3f-4354-a294-ad2b6bc73e0f', 'user46_pic1.jpg', TRUE);
INSERT INTO relative_contact (user_id, type, fullname, phone_number) VALUES ('13c9689d-3a3f-4354-a294-ad2b6bc73e0f', 'Sister', 'Shanaya Kaur', '+918955259953');
INSERT INTO users (user_id, username, fullname, email, phone_number, password, profile_created_for, date_of_birth, gender, marital_status, religion_id, account_active, is_onboarded) VALUES ('25c8d9e7-fa74-4ad4-ab87-d8b55666a744', 'pari047', 'Pari Taneja', 'pari.taneja047@example.com', '+918165062343', 'password123', 'Self', '1992-09-27', 'Male', 'Widowed', NULL, FALSE, FALSE);
INSERT INTO lifestyle (user_id, height_id, weight, blood_group, diet) VALUES ('25c8d9e7-fa74-4ad4-ab87-d8b55666a744', 36, 54, 'B-', 'Eggetarian');
INSERT INTO preferred_partner_choice (user_id, min_age, max_age, expected_salary_id, salary_type) VALUES ('25c8d9e7-fa74-4ad4-ab87-d8b55666a744', 21, 26, NULL, 'Annual');
INSERT INTO profile_picture (user_id, filename, is_profile_pic) VALUES ('25c8d9e7-fa74-4ad4-ab87-d8b55666a744', 'user47_pic1.jpg', TRUE);
INSERT INTO relative_contact (user_id, type, fullname, phone_number) VALUES ('25c8d9e7-fa74-4ad4-ab87-d8b55666a744', 'Father', 'Hridaan Sibal', '+919235848753');
INSERT INTO users (user_id, username, fullname, email, phone_number, password, profile_created_for, date_of_birth, gender, marital_status, religion_id, account_active, is_onboarded) VALUES ('aa54a0ac-f164-4685-bb01-63dfb341780d', 'nitya048', 'Nitya Sen', 'nitya.sen048@example.com', '+917236373037', 'password123', 'Self', '1980-07-11', 'Male', 'Divorced', NULL, FALSE, TRUE);
INSERT INTO lifestyle (user_id, height_id, weight, blood_group, diet) VALUES ('aa54a0ac-f164-4685-bb01-63dfb341780d', 6, 73, 'O-', 'Vegetarian');
INSERT INTO preferred_partner_choice (user_id, min_age, max_age, expected_salary_id, salary_type) VALUES ('aa54a0ac-f164-4685-bb01-63dfb341780d', 21, 26, NULL, 'Annual');
INSERT INTO profile_picture (user_id, filename, is_profile_pic) VALUES ('aa54a0ac-f164-4685-bb01-63dfb341780d', 'user48_pic1.jpg', TRUE);
INSERT INTO relative_contact (user_id, type, fullname, phone_number) VALUES ('aa54a0ac-f164-4685-bb01-63dfb341780d', 'Brother', 'Parinaaz Batta', '+919488676139');
INSERT INTO users (user_id, username, fullname, email, phone_number, password, profile_created_for, date_of_birth, gender, marital_status, religion_id, account_active, is_onboarded) VALUES ('b4c82eab-51f7-4803-81f9-e393aa5dae06', 'prerak049', 'Prerak Viswanathan', 'prerak.viswanathan049@example.com', '+917699407517', 'password123', 'Self', '1987-11-01', 'Male', 'Single', NULL, FALSE, TRUE);
INSERT INTO lifestyle (user_id, height_id, weight, blood_group, diet) VALUES ('b4c82eab-51f7-4803-81f9-e393aa5dae06', 35, 84, 'B+', 'Non-Vegetarian');
INSERT INTO preferred_partner_choice (user_id, min_age, max_age, expected_salary_id, salary_type) VALUES ('b4c82eab-51f7-4803-81f9-e393aa5dae06', 25, 30, NULL, 'Annual');
INSERT INTO profile_picture (user_id, filename, is_profile_pic) VALUES ('b4c82eab-51f7-4803-81f9-e393aa5dae06', 'user49_pic1.jpg', TRUE);
INSERT INTO relative_contact (user_id, type, fullname, phone_number) VALUES ('b4c82eab-51f7-4803-81f9-e393aa5dae06', 'Mother', 'Kismat Wason', '+917431047019');
INSERT INTO users (user_id, username, fullname, email, phone_number, password, profile_created_for, date_of_birth, gender, marital_status, religion_id, account_active, is_onboarded) VALUES ('2cd03e9d-9b51-4cf8-8f42-bb380f13a8f6', 'mamooty050', 'Mamooty Suri', 'mamooty.suri050@example.com', '+916066828891', 'password123', 'Self', '1997-10-13', 'Female', 'Divorced', NULL, FALSE, FALSE);
INSERT INTO lifestyle (user_id, height_id, weight, blood_group, diet) VALUES ('2cd03e9d-9b51-4cf8-8f42-bb380f13a8f6', 3, 58, 'O-', 'Eggetarian');
INSERT INTO preferred_partner_choice (user_id, min_age, max_age, expected_salary_id, salary_type) VALUES ('2cd03e9d-9b51-4cf8-8f42-bb380f13a8f6', 21, 26, NULL, 'Annual');
INSERT INTO profile_picture (user_id, filename, is_profile_pic) VALUES ('2cd03e9d-9b51-4cf8-8f42-bb380f13a8f6', 'user50_pic1.jpg', TRUE);
INSERT INTO relative_contact (user_id, type, fullname, phone_number) VALUES ('2cd03e9d-9b51-4cf8-8f42-bb380f13a8f6', 'Brother', 'Taimur Mani', '+917569177657');
INSERT INTO users (user_id, username, fullname, email, phone_number, password, profile_created_for, date_of_birth, gender, marital_status, religion_id, account_active, is_onboarded) VALUES ('ebdbc19b-0c5c-432c-b6cc-3e552a764c4b', 'hansh051', 'Hansh Raj', 'hansh.raj051@example.com', '+916755652944', 'password123', 'Self', '1982-07-24', 'Female', 'Single', NULL, FALSE, TRUE);
INSERT INTO lifestyle (user_id, height_id, weight, blood_group, diet) VALUES ('ebdbc19b-0c5c-432c-b6cc-3e552a764c4b', 16, 63, 'B-', 'Non-Vegetarian');
INSERT INTO preferred_partner_choice (user_id, min_age, max_age, expected_salary_id, salary_type) VALUES ('ebdbc19b-0c5c-432c-b6cc-3e552a764c4b', 20, 25, NULL, 'Annual');
INSERT INTO profile_picture (user_id, filename, is_profile_pic) VALUES ('ebdbc19b-0c5c-432c-b6cc-3e552a764c4b', 'user51_pic1.jpg', TRUE);
INSERT INTO relative_contact (user_id, type, fullname, phone_number) VALUES ('ebdbc19b-0c5c-432c-b6cc-3e552a764c4b', 'Mother', 'Inaaya  Karnik', '+919015659131');
INSERT INTO users (user_id, username, fullname, email, phone_number, password, profile_created_for, date_of_birth, gender, marital_status, religion_id, account_active, is_onboarded) VALUES ('438dac66-09a6-4a2a-a4a2-46b56c434079', 'anvi052', 'Anvi Saran', 'anvi.saran052@example.com', '+918645027035', 'password123', 'Self', '1994-03-27', 'Male', 'Divorced', NULL, TRUE, FALSE);
INSERT INTO lifestyle (user_id, height_id, weight, blood_group, diet) VALUES ('438dac66-09a6-4a2a-a4a2-46b56c434079', 20, 59, 'B-', 'Eggetarian');
INSERT INTO preferred_partner_choice (user_id, min_age, max_age, expected_salary_id, salary_type) VALUES ('438dac66-09a6-4a2a-a4a2-46b56c434079', 25, 30, NULL, 'Annual');
INSERT INTO profile_picture (user_id, filename, is_profile_pic) VALUES ('438dac66-09a6-4a2a-a4a2-46b56c434079', 'user52_pic1.jpg', TRUE);
INSERT INTO relative_contact (user_id, type, fullname, phone_number) VALUES ('438dac66-09a6-4a2a-a4a2-46b56c434079', 'Aunt', 'Tiya Setty', '+918351255977');
INSERT INTO users (user_id, username, fullname, email, phone_number, password, profile_created_for, date_of_birth, gender, marital_status, religion_id, account_active, is_onboarded) VALUES ('c3aa860a-2a06-4a22-ab2c-5add2fdcf755', 'ela053', 'Ela Ramakrishnan', 'ela.ramakrishnan053@example.com', '+918057437665', 'password123', 'Self', '1987-07-07', 'Female', 'Single', NULL, FALSE, FALSE);
INSERT INTO lifestyle (user_id, height_id, weight, blood_group, diet) VALUES ('c3aa860a-2a06-4a22-ab2c-5add2fdcf755', 21, 79, 'B+', 'Vegetarian');
INSERT INTO preferred_partner_choice (user_id, min_age, max_age, expected_salary_id, salary_type) VALUES ('c3aa860a-2a06-4a22-ab2c-5add2fdcf755', 24, 29, NULL, 'Annual');
INSERT INTO profile_picture (user_id, filename, is_profile_pic) VALUES ('c3aa860a-2a06-4a22-ab2c-5add2fdcf755', 'user53_pic1.jpg', TRUE);
INSERT INTO relative_contact (user_id, type, fullname, phone_number) VALUES ('c3aa860a-2a06-4a22-ab2c-5add2fdcf755', 'Sister', 'Anvi Devi', '+919663353290');
INSERT INTO users (user_id, username, fullname, email, phone_number, password, profile_created_for, date_of_birth, gender, marital_status, religion_id, account_active, is_onboarded) VALUES ('758fafb9-2688-49d2-8edd-7ede680b67fb', 'indrans054', 'Indrans Dubey', 'indrans.dubey054@example.com', '+917300952227', 'password123', 'Self', '1993-04-22', 'Female', 'Widowed', NULL, FALSE, TRUE);
INSERT INTO lifestyle (user_id, height_id, weight, blood_group, diet) VALUES ('758fafb9-2688-49d2-8edd-7ede680b67fb', 10, 60, 'O-', 'Vegetarian');
INSERT INTO preferred_partner_choice (user_id, min_age, max_age, expected_salary_id, salary_type) VALUES ('758fafb9-2688-49d2-8edd-7ede680b67fb', 23, 28, NULL, 'Annual');
INSERT INTO profile_picture (user_id, filename, is_profile_pic) VALUES ('758fafb9-2688-49d2-8edd-7ede680b67fb', 'user54_pic1.jpg', TRUE);
INSERT INTO relative_contact (user_id, type, fullname, phone_number) VALUES ('758fafb9-2688-49d2-8edd-7ede680b67fb', 'Aunt', 'Divij Dugar', '+918167734148');
INSERT INTO users (user_id, username, fullname, email, phone_number, password, profile_created_for, date_of_birth, gender, marital_status, religion_id, account_active, is_onboarded) VALUES ('8421d9a2-5b79-40ba-abb8-5e0712cb3fa1', 'samarth055', 'Samarth Lad', 'samarth.lad055@example.com', '+918661296572', 'password123', 'Self', '1981-09-21', 'Female', 'Single', NULL, FALSE, TRUE);
INSERT INTO lifestyle (user_id, height_id, weight, blood_group, diet) VALUES ('8421d9a2-5b79-40ba-abb8-5e0712cb3fa1', 3, 72, 'A-', 'Non-Vegetarian');
INSERT INTO preferred_partner_choice (user_id, min_age, max_age, expected_salary_id, salary_type) VALUES ('8421d9a2-5b79-40ba-abb8-5e0712cb3fa1', 24, 29, NULL, 'Annual');
INSERT INTO profile_picture (user_id, filename, is_profile_pic) VALUES ('8421d9a2-5b79-40ba-abb8-5e0712cb3fa1', 'user55_pic1.jpg', TRUE);
INSERT INTO relative_contact (user_id, type, fullname, phone_number) VALUES ('8421d9a2-5b79-40ba-abb8-5e0712cb3fa1', 'Sister', 'Urvi Arora', '+919225225432');
INSERT INTO users (user_id, username, fullname, email, phone_number, password, profile_created_for, date_of_birth, gender, marital_status, religion_id, account_active, is_onboarded) VALUES ('61283c3f-be9c-4c6b-9309-3e7720d13b80', 'vanya056', 'Vanya Mani', 'vanya.mani056@example.com', '+917709153947', 'password123', 'Self', '2000-08-27', 'Female', 'Single', NULL, FALSE, FALSE);
INSERT INTO lifestyle (user_id, height_id, weight, blood_group, diet) VALUES ('61283c3f-be9c-4c6b-9309-3e7720d13b80', 22, 87, 'AB+', 'Non-Vegetarian');
INSERT INTO preferred_partner_choice (user_id, min_age, max_age, expected_salary_id, salary_type) VALUES ('61283c3f-be9c-4c6b-9309-3e7720d13b80', 23, 28, NULL, 'Annual');
INSERT INTO profile_picture (user_id, filename, is_profile_pic) VALUES ('61283c3f-be9c-4c6b-9309-3e7720d13b80', 'user56_pic1.jpg', TRUE);
INSERT INTO relative_contact (user_id, type, fullname, phone_number) VALUES ('61283c3f-be9c-4c6b-9309-3e7720d13b80', 'Aunt', 'Aayush Varughese', '+919877853091');
INSERT INTO users (user_id, username, fullname, email, phone_number, password, profile_created_for, date_of_birth, gender, marital_status, religion_id, account_active, is_onboarded) VALUES ('ffb1aeab-1795-4a20-8b62-b77c0016124b', 'madhup057', 'Madhup Baria', 'madhup.baria057@example.com', '+919128171794', 'password123', 'Self', '1987-09-17', 'Male', 'Divorced', NULL, TRUE, TRUE);
INSERT INTO lifestyle (user_id, height_id, weight, blood_group, diet) VALUES ('ffb1aeab-1795-4a20-8b62-b77c0016124b', 27, 85, 'B-', 'Non-Vegetarian');
INSERT INTO preferred_partner_choice (user_id, min_age, max_age, expected_salary_id, salary_type) VALUES ('ffb1aeab-1795-4a20-8b62-b77c0016124b', 20, 25, NULL, 'Annual');
INSERT INTO profile_picture (user_id, filename, is_profile_pic) VALUES ('ffb1aeab-1795-4a20-8b62-b77c0016124b', 'user57_pic1.jpg', TRUE);
INSERT INTO relative_contact (user_id, type, fullname, phone_number) VALUES ('ffb1aeab-1795-4a20-8b62-b77c0016124b', 'Sister', 'Advika Badal', '+919154059259');
INSERT INTO users (user_id, username, fullname, email, phone_number, password, profile_created_for, date_of_birth, gender, marital_status, religion_id, account_active, is_onboarded) VALUES ('7519e6d7-2c3b-42c3-b905-aad5dbabceeb', 'tejas058', 'Tejas Dugal', 'tejas.dugal058@example.com', '+916625705599', 'password123', 'Self', '1980-08-31', 'Female', 'Widowed', NULL, FALSE, TRUE);
INSERT INTO lifestyle (user_id, height_id, weight, blood_group, diet) VALUES ('7519e6d7-2c3b-42c3-b905-aad5dbabceeb', 9, 60, 'O-', 'Vegetarian');
INSERT INTO preferred_partner_choice (user_id, min_age, max_age, expected_salary_id, salary_type) VALUES ('7519e6d7-2c3b-42c3-b905-aad5dbabceeb', 23, 28, NULL, 'Annual');
INSERT INTO profile_picture (user_id, filename, is_profile_pic) VALUES ('7519e6d7-2c3b-42c3-b905-aad5dbabceeb', 'user58_pic1.jpg', TRUE);
INSERT INTO relative_contact (user_id, type, fullname, phone_number) VALUES ('7519e6d7-2c3b-42c3-b905-aad5dbabceeb', 'Mother', 'Tara Rao', '+918874410468');
INSERT INTO users (user_id, username, fullname, email, phone_number, password, profile_created_for, date_of_birth, gender, marital_status, religion_id, account_active, is_onboarded) VALUES ('14a9b7c6-02d8-435e-ad54-2481870f8b9a', 'charvi059', 'Charvi Balan', 'charvi.balan059@example.com', '+917865761298', 'password123', 'Self', '1987-12-21', 'Female', 'Single', NULL, TRUE, FALSE);
INSERT INTO lifestyle (user_id, height_id, weight, blood_group, diet) VALUES ('14a9b7c6-02d8-435e-ad54-2481870f8b9a', 12, 85, 'O+', 'Non-Vegetarian');
INSERT INTO preferred_partner_choice (user_id, min_age, max_age, expected_salary_id, salary_type) VALUES ('14a9b7c6-02d8-435e-ad54-2481870f8b9a', 24, 29, NULL, 'Annual');
INSERT INTO profile_picture (user_id, filename, is_profile_pic) VALUES ('14a9b7c6-02d8-435e-ad54-2481870f8b9a', 'user59_pic1.jpg', TRUE);
INSERT INTO relative_contact (user_id, type, fullname, phone_number) VALUES ('14a9b7c6-02d8-435e-ad54-2481870f8b9a', 'Father', 'Lavanya Dugal', '+918020678513');
INSERT INTO users (user_id, username, fullname, email, phone_number, password, profile_created_for, date_of_birth, gender, marital_status, religion_id, account_active, is_onboarded) VALUES ('4bf7e07a-76a9-484f-9e2c-3d0a87a9bd0a', 'anaya060', 'Anaya Bhatti', 'anaya.bhatti060@example.com', '+919214568312', 'password123', 'Self', '1992-08-03', 'Female', 'Divorced', NULL, FALSE, FALSE);
INSERT INTO lifestyle (user_id, height_id, weight, blood_group, diet) VALUES ('4bf7e07a-76a9-484f-9e2c-3d0a87a9bd0a', 26, 67, 'O-', 'Vegetarian');
INSERT INTO preferred_partner_choice (user_id, min_age, max_age, expected_salary_id, salary_type) VALUES ('4bf7e07a-76a9-484f-9e2c-3d0a87a9bd0a', 24, 29, NULL, 'Annual');
INSERT INTO profile_picture (user_id, filename, is_profile_pic) VALUES ('4bf7e07a-76a9-484f-9e2c-3d0a87a9bd0a', 'user60_pic1.jpg', TRUE);
INSERT INTO relative_contact (user_id, type, fullname, phone_number) VALUES ('4bf7e07a-76a9-484f-9e2c-3d0a87a9bd0a', 'Father', 'Mehul Dhar', '+917832064246');
INSERT INTO users (user_id, username, fullname, email, phone_number, password, profile_created_for, date_of_birth, gender, marital_status, religion_id, account_active, is_onboarded) VALUES ('24a41d1e-d9fb-4afd-ae07-c6824593f00d', 'abram061', 'Abram Divan', 'abram.divan061@example.com', '+918879355637', 'password123', 'Self', '1995-03-19', 'Male', 'Divorced', NULL, FALSE, TRUE);
INSERT INTO lifestyle (user_id, height_id, weight, blood_group, diet) VALUES ('24a41d1e-d9fb-4afd-ae07-c6824593f00d', 33, 78, 'B+', 'Non-Vegetarian');
INSERT INTO preferred_partner_choice (user_id, min_age, max_age, expected_salary_id, salary_type) VALUES ('24a41d1e-d9fb-4afd-ae07-c6824593f00d', 22, 27, NULL, 'Annual');
INSERT INTO profile_picture (user_id, filename, is_profile_pic) VALUES ('24a41d1e-d9fb-4afd-ae07-c6824593f00d', 'user61_pic1.jpg', TRUE);
INSERT INTO relative_contact (user_id, type, fullname, phone_number) VALUES ('24a41d1e-d9fb-4afd-ae07-c6824593f00d', 'Uncle', 'Gokul Mandal', '+918342895730');
INSERT INTO users (user_id, username, fullname, email, phone_number, password, profile_created_for, date_of_birth, gender, marital_status, religion_id, account_active, is_onboarded) VALUES ('dc718bae-5077-4c72-9099-b74da6fc9b21', 'anahi062', 'Anahi Sarna', 'anahi.sarna062@example.com', '+916075685782', 'password123', 'Self', '1984-06-29', 'Female', 'Single', NULL, TRUE, TRUE);
INSERT INTO lifestyle (user_id, height_id, weight, blood_group, diet) VALUES ('dc718bae-5077-4c72-9099-b74da6fc9b21', 5, 54, 'A+', 'Non-Vegetarian');
INSERT INTO preferred_partner_choice (user_id, min_age, max_age, expected_salary_id, salary_type) VALUES ('dc718bae-5077-4c72-9099-b74da6fc9b21', 20, 25, NULL, 'Annual');
INSERT INTO profile_picture (user_id, filename, is_profile_pic) VALUES ('dc718bae-5077-4c72-9099-b74da6fc9b21', 'user62_pic1.jpg', TRUE);
INSERT INTO relative_contact (user_id, type, fullname, phone_number) VALUES ('dc718bae-5077-4c72-9099-b74da6fc9b21', 'Mother', 'Pihu Som', '+917139941142');
INSERT INTO users (user_id, username, fullname, email, phone_number, password, profile_created_for, date_of_birth, gender, marital_status, religion_id, account_active, is_onboarded) VALUES ('8cd73997-aa2e-4711-9b7b-235c94d013d0', 'tiya063', 'Tiya Kala', 'tiya.kala063@example.com', '+918808659158', 'password123', 'Self', '1981-04-15', 'Female', 'Single', NULL, TRUE, FALSE);
INSERT INTO lifestyle (user_id, height_id, weight, blood_group, diet) VALUES ('8cd73997-aa2e-4711-9b7b-235c94d013d0', 28, 84, 'B-', 'Vegetarian');
INSERT INTO preferred_partner_choice (user_id, min_age, max_age, expected_salary_id, salary_type) VALUES ('8cd73997-aa2e-4711-9b7b-235c94d013d0', 24, 29, NULL, 'Annual');
INSERT INTO profile_picture (user_id, filename, is_profile_pic) VALUES ('8cd73997-aa2e-4711-9b7b-235c94d013d0', 'user63_pic1.jpg', TRUE);
INSERT INTO relative_contact (user_id, type, fullname, phone_number) VALUES ('8cd73997-aa2e-4711-9b7b-235c94d013d0', 'Father', 'Dhanush Bedi', '+919813614017');
INSERT INTO users (user_id, username, fullname, email, phone_number, password, profile_created_for, date_of_birth, gender, marital_status, religion_id, account_active, is_onboarded) VALUES ('632a431e-2822-41c4-8b92-a054774c8b2d', 'mehul064', 'Mehul Sachdev', 'mehul.sachdev064@example.com', '+919142269247', 'password123', 'Self', '1989-05-16', 'Female', 'Single', NULL, TRUE, TRUE);
INSERT INTO lifestyle (user_id, height_id, weight, blood_group, diet) VALUES ('632a431e-2822-41c4-8b92-a054774c8b2d', 6, 73, 'A-', 'Non-Vegetarian');
INSERT INTO preferred_partner_choice (user_id, min_age, max_age, expected_salary_id, salary_type) VALUES ('632a431e-2822-41c4-8b92-a054774c8b2d', 24, 29, NULL, 'Annual');
INSERT INTO profile_picture (user_id, filename, is_profile_pic) VALUES ('632a431e-2822-41c4-8b92-a054774c8b2d', 'user64_pic1.jpg', TRUE);
INSERT INTO relative_contact (user_id, type, fullname, phone_number) VALUES ('632a431e-2822-41c4-8b92-a054774c8b2d', 'Father', 'Vaibhav Setty', '+918800154914');
INSERT INTO users (user_id, username, fullname, email, phone_number, password, profile_created_for, date_of_birth, gender, marital_status, religion_id, account_active, is_onboarded) VALUES ('ca91113e-f887-4ac9-b870-06210afc328f', 'mehul065', 'Mehul Kapoor', 'mehul.kapoor065@example.com', '+917366033160', 'password123', 'Self', '1997-04-12', 'Male', 'Widowed', NULL, TRUE, FALSE);
INSERT INTO lifestyle (user_id, height_id, weight, blood_group, diet) VALUES ('ca91113e-f887-4ac9-b870-06210afc328f', 3, 77, 'A+', 'Eggetarian');
INSERT INTO preferred_partner_choice (user_id, min_age, max_age, expected_salary_id, salary_type) VALUES ('ca91113e-f887-4ac9-b870-06210afc328f', 25, 30, NULL, 'Annual');
INSERT INTO profile_picture (user_id, filename, is_profile_pic) VALUES ('ca91113e-f887-4ac9-b870-06210afc328f', 'user65_pic1.jpg', TRUE);
INSERT INTO relative_contact (user_id, type, fullname, phone_number) VALUES ('ca91113e-f887-4ac9-b870-06210afc328f', 'Mother', 'Nirvaan Solanki', '+917048744039');
INSERT INTO users (user_id, username, fullname, email, phone_number, password, profile_created_for, date_of_birth, gender, marital_status, religion_id, account_active, is_onboarded) VALUES ('ff449ebb-7425-4fda-90fd-5798c2c0f0e7', 'adira066', 'Adira Amble', 'adira.amble066@example.com', '+916672387691', 'password123', 'Self', '1992-04-30', 'Male', 'Single', NULL, TRUE, FALSE);
INSERT INTO lifestyle (user_id, height_id, weight, blood_group, diet) VALUES ('ff449ebb-7425-4fda-90fd-5798c2c0f0e7', 29, 84, 'O+', 'Non-Vegetarian');
INSERT INTO preferred_partner_choice (user_id, min_age, max_age, expected_salary_id, salary_type) VALUES ('ff449ebb-7425-4fda-90fd-5798c2c0f0e7', 25, 30, NULL, 'Annual');
INSERT INTO profile_picture (user_id, filename, is_profile_pic) VALUES ('ff449ebb-7425-4fda-90fd-5798c2c0f0e7', 'user66_pic1.jpg', TRUE);
INSERT INTO relative_contact (user_id, type, fullname, phone_number) VALUES ('ff449ebb-7425-4fda-90fd-5798c2c0f0e7', 'Uncle', 'Manikya Kuruvilla', '+918876083840');
INSERT INTO users (user_id, username, fullname, email, phone_number, password, profile_created_for, date_of_birth, gender, marital_status, religion_id, account_active, is_onboarded) VALUES ('48bd3fd2-dfb3-4410-8d8d-0d6c63df4a1a', 'jayesh067', 'Jayesh Ahluwalia', 'jayesh.ahluwalia067@example.com', '+919870958555', 'password123', 'Self', '1985-03-05', 'Male', 'Single', NULL, FALSE, FALSE);
INSERT INTO lifestyle (user_id, height_id, weight, blood_group, diet) VALUES ('48bd3fd2-dfb3-4410-8d8d-0d6c63df4a1a', 5, 61, 'B+', 'Non-Vegetarian');
INSERT INTO preferred_partner_choice (user_id, min_age, max_age, expected_salary_id, salary_type) VALUES ('48bd3fd2-dfb3-4410-8d8d-0d6c63df4a1a', 25, 30, NULL, 'Annual');
INSERT INTO profile_picture (user_id, filename, is_profile_pic) VALUES ('48bd3fd2-dfb3-4410-8d8d-0d6c63df4a1a', 'user67_pic1.jpg', TRUE);
INSERT INTO relative_contact (user_id, type, fullname, phone_number) VALUES ('48bd3fd2-dfb3-4410-8d8d-0d6c63df4a1a', 'Uncle', 'Parinaaz Sekhon', '+919466909474');
INSERT INTO users (user_id, username, fullname, email, phone_number, password, profile_created_for, date_of_birth, gender, marital_status, religion_id, account_active, is_onboarded) VALUES ('5771627b-801e-4c90-9b49-eae2f9b0e227', 'aniruddh068', 'Aniruddh Lad', 'aniruddh.lad068@example.com', '+917699217470', 'password123', 'Self', '1984-04-02', 'Male', 'Single', NULL, TRUE, TRUE);
INSERT INTO lifestyle (user_id, height_id, weight, blood_group, diet) VALUES ('5771627b-801e-4c90-9b49-eae2f9b0e227', 4, 90, 'B-', 'Non-Vegetarian');
INSERT INTO preferred_partner_choice (user_id, min_age, max_age, expected_salary_id, salary_type) VALUES ('5771627b-801e-4c90-9b49-eae2f9b0e227', 25, 30, NULL, 'Annual');
INSERT INTO profile_picture (user_id, filename, is_profile_pic) VALUES ('5771627b-801e-4c90-9b49-eae2f9b0e227', 'user68_pic1.jpg', TRUE);
INSERT INTO relative_contact (user_id, type, fullname, phone_number) VALUES ('5771627b-801e-4c90-9b49-eae2f9b0e227', 'Sister', 'Stuvan Vasa', '+917457811446');
INSERT INTO users (user_id, username, fullname, email, phone_number, password, profile_created_for, date_of_birth, gender, marital_status, religion_id, account_active, is_onboarded) VALUES ('2f0cdc01-cc28-43d0-9249-c479f95495e1', 'indrans069', 'Indrans Singh', 'indrans.singh069@example.com', '+918735285537', 'password123', 'Self', '1985-11-17', 'Male', 'Single', NULL, TRUE, FALSE);
INSERT INTO lifestyle (user_id, height_id, weight, blood_group, diet) VALUES ('2f0cdc01-cc28-43d0-9249-c479f95495e1', 14, 51, 'AB-', 'Non-Vegetarian');
INSERT INTO preferred_partner_choice (user_id, min_age, max_age, expected_salary_id, salary_type) VALUES ('2f0cdc01-cc28-43d0-9249-c479f95495e1', 23, 28, NULL, 'Annual');
INSERT INTO profile_picture (user_id, filename, is_profile_pic) VALUES ('2f0cdc01-cc28-43d0-9249-c479f95495e1', 'user69_pic1.jpg', TRUE);
INSERT INTO relative_contact (user_id, type, fullname, phone_number) VALUES ('2f0cdc01-cc28-43d0-9249-c479f95495e1', 'Sister', 'Renee Bhatt', '+918314535853');
INSERT INTO users (user_id, username, fullname, email, phone_number, password, profile_created_for, date_of_birth, gender, marital_status, religion_id, account_active, is_onboarded) VALUES ('93bf9ddb-f73c-4596-a70e-d1724f5b8f2c', 'manjari070', 'Manjari Tak', 'manjari.tak070@example.com', '+919450372686', 'password123', 'Self', '1992-01-20', 'Female', 'Single', NULL, TRUE, TRUE);
INSERT INTO lifestyle (user_id, height_id, weight, blood_group, diet) VALUES ('93bf9ddb-f73c-4596-a70e-d1724f5b8f2c', 8, 59, 'B+', 'Non-Vegetarian');
INSERT INTO preferred_partner_choice (user_id, min_age, max_age, expected_salary_id, salary_type) VALUES ('93bf9ddb-f73c-4596-a70e-d1724f5b8f2c', 20, 25, NULL, 'Annual');
INSERT INTO profile_picture (user_id, filename, is_profile_pic) VALUES ('93bf9ddb-f73c-4596-a70e-d1724f5b8f2c', 'user70_pic1.jpg', TRUE);
INSERT INTO relative_contact (user_id, type, fullname, phone_number) VALUES ('93bf9ddb-f73c-4596-a70e-d1724f5b8f2c', 'Brother', 'Kashvi Keer', '+918622454484');
INSERT INTO users (user_id, username, fullname, email, phone_number, password, profile_created_for, date_of_birth, gender, marital_status, religion_id, account_active, is_onboarded) VALUES ('9be724cf-04f7-44c8-9719-b37aa0f7c5a7', 'dharmajan071', 'Dharmajan Gola', 'dharmajan.gola071@example.com', '+916101023422', 'password123', 'Self', '1984-05-17', 'Male', 'Single', NULL, TRUE, TRUE);
INSERT INTO lifestyle (user_id, height_id, weight, blood_group, diet) VALUES ('9be724cf-04f7-44c8-9719-b37aa0f7c5a7', 3, 71, 'AB+', 'Vegetarian');
INSERT INTO preferred_partner_choice (user_id, min_age, max_age, expected_salary_id, salary_type) VALUES ('9be724cf-04f7-44c8-9719-b37aa0f7c5a7', 21, 26, NULL, 'Annual');
INSERT INTO profile_picture (user_id, filename, is_profile_pic) VALUES ('9be724cf-04f7-44c8-9719-b37aa0f7c5a7', 'user71_pic1.jpg', TRUE);
INSERT INTO relative_contact (user_id, type, fullname, phone_number) VALUES ('9be724cf-04f7-44c8-9719-b37aa0f7c5a7', 'Aunt', 'Ira Khurana', '+918977478739');
INSERT INTO users (user_id, username, fullname, email, phone_number, password, profile_created_for, date_of_birth, gender, marital_status, religion_id, account_active, is_onboarded) VALUES ('69bc7a77-9bd0-4ea7-ad17-dcef0731ec90', 'arnav072', 'Arnav Chakraborty', 'arnav.chakraborty072@example.com', '+917085000676', 'password123', 'Self', '1988-02-14', 'Male', 'Divorced', NULL, FALSE, FALSE);
INSERT INTO lifestyle (user_id, height_id, weight, blood_group, diet) VALUES ('69bc7a77-9bd0-4ea7-ad17-dcef0731ec90', 27, 77, 'AB-', 'Eggetarian');
INSERT INTO preferred_partner_choice (user_id, min_age, max_age, expected_salary_id, salary_type) VALUES ('69bc7a77-9bd0-4ea7-ad17-dcef0731ec90', 22, 27, NULL, 'Annual');
INSERT INTO profile_picture (user_id, filename, is_profile_pic) VALUES ('69bc7a77-9bd0-4ea7-ad17-dcef0731ec90', 'user72_pic1.jpg', TRUE);
INSERT INTO relative_contact (user_id, type, fullname, phone_number) VALUES ('69bc7a77-9bd0-4ea7-ad17-dcef0731ec90', 'Sister', 'Manikya Batta', '+917346106455');
INSERT INTO users (user_id, username, fullname, email, phone_number, password, profile_created_for, date_of_birth, gender, marital_status, religion_id, account_active, is_onboarded) VALUES ('4c8e564f-9d11-4579-8d33-a658f2651947', 'aayush073', 'Aayush Swaminathan', 'aayush.swaminathan073@example.com', '+916696594500', 'password123', 'Self', '1993-10-12', 'Male', 'Widowed', NULL, TRUE, TRUE);
INSERT INTO lifestyle (user_id, height_id, weight, blood_group, diet) VALUES ('4c8e564f-9d11-4579-8d33-a658f2651947', 30, 70, 'AB+', 'Vegetarian');
INSERT INTO preferred_partner_choice (user_id, min_age, max_age, expected_salary_id, salary_type) VALUES ('4c8e564f-9d11-4579-8d33-a658f2651947', 21, 26, NULL, 'Annual');
INSERT INTO profile_picture (user_id, filename, is_profile_pic) VALUES ('4c8e564f-9d11-4579-8d33-a658f2651947', 'user73_pic1.jpg', TRUE);
INSERT INTO relative_contact (user_id, type, fullname, phone_number) VALUES ('4c8e564f-9d11-4579-8d33-a658f2651947', 'Aunt', 'Aarav Tara', '+918513772090');
INSERT INTO users (user_id, username, fullname, email, phone_number, password, profile_created_for, date_of_birth, gender, marital_status, religion_id, account_active, is_onboarded) VALUES ('fbe42fa7-01b4-424b-b978-b0f3d923b214', 'miraya074', 'Miraya Sarkar', 'miraya.sarkar074@example.com', '+918758417015', 'password123', 'Self', '1998-05-11', 'Female', 'Divorced', NULL, FALSE, TRUE);
INSERT INTO lifestyle (user_id, height_id, weight, blood_group, diet) VALUES ('fbe42fa7-01b4-424b-b978-b0f3d923b214', 12, 65, 'B+', 'Vegetarian');
INSERT INTO preferred_partner_choice (user_id, min_age, max_age, expected_salary_id, salary_type) VALUES ('fbe42fa7-01b4-424b-b978-b0f3d923b214', 23, 28, NULL, 'Annual');
INSERT INTO profile_picture (user_id, filename, is_profile_pic) VALUES ('fbe42fa7-01b4-424b-b978-b0f3d923b214', 'user74_pic1.jpg', TRUE);
INSERT INTO relative_contact (user_id, type, fullname, phone_number) VALUES ('fbe42fa7-01b4-424b-b978-b0f3d923b214', 'Aunt', 'Ehsaan Batta', '+918049664120');
INSERT INTO users (user_id, username, fullname, email, phone_number, password, profile_created_for, date_of_birth, gender, marital_status, religion_id, account_active, is_onboarded) VALUES ('fd6e82fc-336f-4f2e-a1d6-f4fc45f78e89', 'mehul075', 'Mehul Behl', 'mehul.behl075@example.com', '+917942435374', 'password123', 'Self', '1984-07-22', 'Male', 'Divorced', NULL, FALSE, FALSE);
INSERT INTO lifestyle (user_id, height_id, weight, blood_group, diet) VALUES ('fd6e82fc-336f-4f2e-a1d6-f4fc45f78e89', 36, 62, 'B-', 'Vegetarian');
INSERT INTO preferred_partner_choice (user_id, min_age, max_age, expected_salary_id, salary_type) VALUES ('fd6e82fc-336f-4f2e-a1d6-f4fc45f78e89', 25, 30, NULL, 'Annual');
INSERT INTO profile_picture (user_id, filename, is_profile_pic) VALUES ('fd6e82fc-336f-4f2e-a1d6-f4fc45f78e89', 'user75_pic1.jpg', TRUE);
INSERT INTO relative_contact (user_id, type, fullname, phone_number) VALUES ('fd6e82fc-336f-4f2e-a1d6-f4fc45f78e89', 'Brother', 'Saanvi Jhaveri', '+917962534388');
INSERT INTO users (user_id, username, fullname, email, phone_number, password, profile_created_for, date_of_birth, gender, marital_status, religion_id, account_active, is_onboarded) VALUES ('97db13df-50b3-465a-8d34-c0fca72d3fd3', 'shlok076', 'Shlok Dhar', 'shlok.dhar076@example.com', '+919433764036', 'password123', 'Self', '1995-11-18', 'Female', 'Single', NULL, TRUE, TRUE);
INSERT INTO lifestyle (user_id, height_id, weight, blood_group, diet) VALUES ('97db13df-50b3-465a-8d34-c0fca72d3fd3', 12, 76, 'A-', 'Non-Vegetarian');
INSERT INTO preferred_partner_choice (user_id, min_age, max_age, expected_salary_id, salary_type) VALUES ('97db13df-50b3-465a-8d34-c0fca72d3fd3', 21, 26, NULL, 'Annual');
INSERT INTO profile_picture (user_id, filename, is_profile_pic) VALUES ('97db13df-50b3-465a-8d34-c0fca72d3fd3', 'user76_pic1.jpg', TRUE);
INSERT INTO relative_contact (user_id, type, fullname, phone_number) VALUES ('97db13df-50b3-465a-8d34-c0fca72d3fd3', 'Sister', 'Alia Kunda', '+919116051473');
INSERT INTO users (user_id, username, fullname, email, phone_number, password, profile_created_for, date_of_birth, gender, marital_status, religion_id, account_active, is_onboarded) VALUES ('f296cc21-5027-41cb-90a7-3b13c33d1805', 'anika077', 'Anika Krishnamurthy', 'anika.krishnamurthy077@example.com', '+916667036267', 'password123', 'Self', '1980-12-17', 'Female', 'Divorced', NULL, TRUE, TRUE);
INSERT INTO lifestyle (user_id, height_id, weight, blood_group, diet) VALUES ('f296cc21-5027-41cb-90a7-3b13c33d1805', 35, 51, 'A-', 'Non-Vegetarian');
INSERT INTO preferred_partner_choice (user_id, min_age, max_age, expected_salary_id, salary_type) VALUES ('f296cc21-5027-41cb-90a7-3b13c33d1805', 24, 29, NULL, 'Annual');
INSERT INTO profile_picture (user_id, filename, is_profile_pic) VALUES ('f296cc21-5027-41cb-90a7-3b13c33d1805', 'user77_pic1.jpg', TRUE);
INSERT INTO relative_contact (user_id, type, fullname, phone_number) VALUES ('f296cc21-5027-41cb-90a7-3b13c33d1805', 'Uncle', 'Vardaniya Subramanian', '+917130457513');
INSERT INTO users (user_id, username, fullname, email, phone_number, password, profile_created_for, date_of_birth, gender, marital_status, religion_id, account_active, is_onboarded) VALUES ('ded534fd-d0a2-4583-8661-b22f463fc0a9', 'shlok078', 'Shlok Anand', 'shlok.anand078@example.com', '+919420725876', 'password123', 'Self', '1988-05-29', 'Female', 'Single', NULL, FALSE, FALSE);
INSERT INTO lifestyle (user_id, height_id, weight, blood_group, diet) VALUES ('ded534fd-d0a2-4583-8661-b22f463fc0a9', 32, 78, 'AB+', 'Eggetarian');
INSERT INTO preferred_partner_choice (user_id, min_age, max_age, expected_salary_id, salary_type) VALUES ('ded534fd-d0a2-4583-8661-b22f463fc0a9', 21, 26, NULL, 'Annual');
INSERT INTO profile_picture (user_id, filename, is_profile_pic) VALUES ('ded534fd-d0a2-4583-8661-b22f463fc0a9', 'user78_pic1.jpg', TRUE);
INSERT INTO relative_contact (user_id, type, fullname, phone_number) VALUES ('ded534fd-d0a2-4583-8661-b22f463fc0a9', 'Mother', 'Mannat Kumar', '+918967613344');
INSERT INTO users (user_id, username, fullname, email, phone_number, password, profile_created_for, date_of_birth, gender, marital_status, religion_id, account_active, is_onboarded) VALUES ('7be09a45-ea44-44c3-8e75-1e13b275f4b5', 'jivika079', 'Jivika Dewan', 'jivika.dewan079@example.com', '+916361567982', 'password123', 'Self', '1984-07-01', 'Female', 'Widowed', NULL, TRUE, TRUE);
INSERT INTO lifestyle (user_id, height_id, weight, blood_group, diet) VALUES ('7be09a45-ea44-44c3-8e75-1e13b275f4b5', 10, 70, 'O+', 'Eggetarian');
INSERT INTO preferred_partner_choice (user_id, min_age, max_age, expected_salary_id, salary_type) VALUES ('7be09a45-ea44-44c3-8e75-1e13b275f4b5', 22, 27, NULL, 'Annual');
INSERT INTO profile_picture (user_id, filename, is_profile_pic) VALUES ('7be09a45-ea44-44c3-8e75-1e13b275f4b5', 'user79_pic1.jpg', TRUE);
INSERT INTO relative_contact (user_id, type, fullname, phone_number) VALUES ('7be09a45-ea44-44c3-8e75-1e13b275f4b5', 'Sister', 'Jayan Sastry', '+919731392174');
INSERT INTO users (user_id, username, fullname, email, phone_number, password, profile_created_for, date_of_birth, gender, marital_status, religion_id, account_active, is_onboarded) VALUES ('73aa3943-fec7-4d35-a9ec-0f962006ac53', 'yuvraj 080', 'Yuvraj  Sood', 'yuvraj .sood080@example.com', '+919484511752', 'password123', 'Self', '1988-07-08', 'Female', 'Widowed', NULL, TRUE, FALSE);
INSERT INTO lifestyle (user_id, height_id, weight, blood_group, diet) VALUES ('73aa3943-fec7-4d35-a9ec-0f962006ac53', 28, 78, 'B-', 'Eggetarian');
INSERT INTO preferred_partner_choice (user_id, min_age, max_age, expected_salary_id, salary_type) VALUES ('73aa3943-fec7-4d35-a9ec-0f962006ac53', 20, 25, NULL, 'Annual');
INSERT INTO profile_picture (user_id, filename, is_profile_pic) VALUES ('73aa3943-fec7-4d35-a9ec-0f962006ac53', 'user80_pic1.jpg', TRUE);
INSERT INTO relative_contact (user_id, type, fullname, phone_number) VALUES ('73aa3943-fec7-4d35-a9ec-0f962006ac53', 'Brother', 'Shaan Das', '+919342624218');
INSERT INTO users (user_id, username, fullname, email, phone_number, password, profile_created_for, date_of_birth, gender, marital_status, religion_id, account_active, is_onboarded) VALUES ('0b9f7a7b-24ff-4bee-bb14-69112f4fc468', 'indranil081', 'Indranil Reddy', 'indranil.reddy081@example.com', '+919078561287', 'password123', 'Self', '1986-07-22', 'Male', 'Single', NULL, TRUE, FALSE);
INSERT INTO lifestyle (user_id, height_id, weight, blood_group, diet) VALUES ('0b9f7a7b-24ff-4bee-bb14-69112f4fc468', 6, 87, 'A+', 'Vegetarian');
INSERT INTO preferred_partner_choice (user_id, min_age, max_age, expected_salary_id, salary_type) VALUES ('0b9f7a7b-24ff-4bee-bb14-69112f4fc468', 21, 26, NULL, 'Annual');
INSERT INTO profile_picture (user_id, filename, is_profile_pic) VALUES ('0b9f7a7b-24ff-4bee-bb14-69112f4fc468', 'user81_pic1.jpg', TRUE);
INSERT INTO relative_contact (user_id, type, fullname, phone_number) VALUES ('0b9f7a7b-24ff-4bee-bb14-69112f4fc468', 'Brother', 'Faiyaz Kale', '+917280048264');
INSERT INTO users (user_id, username, fullname, email, phone_number, password, profile_created_for, date_of_birth, gender, marital_status, religion_id, account_active, is_onboarded) VALUES ('084b9266-a4d3-4671-8495-1e8dfaa0326e', 'navya082', 'Navya Solanki', 'navya.solanki082@example.com', '+919750323043', 'password123', 'Self', '1996-09-23', 'Male', 'Single', NULL, TRUE, FALSE);
INSERT INTO lifestyle (user_id, height_id, weight, blood_group, diet) VALUES ('084b9266-a4d3-4671-8495-1e8dfaa0326e', 7, 52, 'O-', 'Vegetarian');
INSERT INTO preferred_partner_choice (user_id, min_age, max_age, expected_salary_id, salary_type) VALUES ('084b9266-a4d3-4671-8495-1e8dfaa0326e', 22, 27, NULL, 'Annual');
INSERT INTO profile_picture (user_id, filename, is_profile_pic) VALUES ('084b9266-a4d3-4671-8495-1e8dfaa0326e', 'user82_pic1.jpg', TRUE);
INSERT INTO relative_contact (user_id, type, fullname, phone_number) VALUES ('084b9266-a4d3-4671-8495-1e8dfaa0326e', 'Father', 'Lagan Thaker', '+919270125554');
INSERT INTO users (user_id, username, fullname, email, phone_number, password, profile_created_for, date_of_birth, gender, marital_status, religion_id, account_active, is_onboarded) VALUES ('77413dec-ef9b-4ac7-bc09-a1e59d5900be', 'uthkarsh083', 'Uthkarsh Sachdev', 'uthkarsh.sachdev083@example.com', '+917388582177', 'password123', 'Self', '1993-05-24', 'Male', 'Single', NULL, FALSE, FALSE);
INSERT INTO lifestyle (user_id, height_id, weight, blood_group, diet) VALUES ('77413dec-ef9b-4ac7-bc09-a1e59d5900be', 10, 66, 'AB+', 'Eggetarian');
INSERT INTO preferred_partner_choice (user_id, min_age, max_age, expected_salary_id, salary_type) VALUES ('77413dec-ef9b-4ac7-bc09-a1e59d5900be', 22, 27, NULL, 'Annual');
INSERT INTO profile_picture (user_id, filename, is_profile_pic) VALUES ('77413dec-ef9b-4ac7-bc09-a1e59d5900be', 'user83_pic1.jpg', TRUE);
INSERT INTO relative_contact (user_id, type, fullname, phone_number) VALUES ('77413dec-ef9b-4ac7-bc09-a1e59d5900be', 'Father', 'Hrishita Shankar', '+918939423580');
INSERT INTO users (user_id, username, fullname, email, phone_number, password, profile_created_for, date_of_birth, gender, marital_status, religion_id, account_active, is_onboarded) VALUES ('1471c666-d7b0-4b2b-861d-4f2245b7cfb0', 'hunar084', 'Hunar Sankaran', 'hunar.sankaran084@example.com', '+916940568012', 'password123', 'Self', '1985-03-27', 'Male', 'Single', NULL, FALSE, FALSE);
INSERT INTO lifestyle (user_id, height_id, weight, blood_group, diet) VALUES ('1471c666-d7b0-4b2b-861d-4f2245b7cfb0', 23, 86, 'A+', 'Eggetarian');
INSERT INTO preferred_partner_choice (user_id, min_age, max_age, expected_salary_id, salary_type) VALUES ('1471c666-d7b0-4b2b-861d-4f2245b7cfb0', 25, 30, NULL, 'Annual');
INSERT INTO profile_picture (user_id, filename, is_profile_pic) VALUES ('1471c666-d7b0-4b2b-861d-4f2245b7cfb0', 'user84_pic1.jpg', TRUE);
INSERT INTO relative_contact (user_id, type, fullname, phone_number) VALUES ('1471c666-d7b0-4b2b-861d-4f2245b7cfb0', 'Aunt', 'Divit Kanda', '+917035182224');
INSERT INTO users (user_id, username, fullname, email, phone_number, password, profile_created_for, date_of_birth, gender, marital_status, religion_id, account_active, is_onboarded) VALUES ('c1d25372-8ec6-4601-b25e-60577c35cad1', 'heer085', 'Heer Bahri', 'heer.bahri085@example.com', '+917282466537', 'password123', 'Self', '1986-10-28', 'Female', 'Widowed', NULL, FALSE, TRUE);
INSERT INTO lifestyle (user_id, height_id, weight, blood_group, diet) VALUES ('c1d25372-8ec6-4601-b25e-60577c35cad1', 34, 70, 'A-', 'Vegetarian');
INSERT INTO preferred_partner_choice (user_id, min_age, max_age, expected_salary_id, salary_type) VALUES ('c1d25372-8ec6-4601-b25e-60577c35cad1', 25, 30, NULL, 'Annual');
INSERT INTO profile_picture (user_id, filename, is_profile_pic) VALUES ('c1d25372-8ec6-4601-b25e-60577c35cad1', 'user85_pic1.jpg', TRUE);
INSERT INTO relative_contact (user_id, type, fullname, phone_number) VALUES ('c1d25372-8ec6-4601-b25e-60577c35cad1', 'Father', 'Samar Kade', '+918377192933');
INSERT INTO users (user_id, username, fullname, email, phone_number, password, profile_created_for, date_of_birth, gender, marital_status, religion_id, account_active, is_onboarded) VALUES ('aeb9b55f-b409-4b94-a8fd-b62f8771f755', 'siya086', 'Siya Srinivas', 'siya.srinivas086@example.com', '+916627668407', 'password123', 'Self', '1988-05-08', 'Female', 'Widowed', NULL, TRUE, TRUE);
INSERT INTO lifestyle (user_id, height_id, weight, blood_group, diet) VALUES ('aeb9b55f-b409-4b94-a8fd-b62f8771f755', 35, 90, 'AB-', 'Non-Vegetarian');
INSERT INTO preferred_partner_choice (user_id, min_age, max_age, expected_salary_id, salary_type) VALUES ('aeb9b55f-b409-4b94-a8fd-b62f8771f755', 25, 30, NULL, 'Annual');
INSERT INTO profile_picture (user_id, filename, is_profile_pic) VALUES ('aeb9b55f-b409-4b94-a8fd-b62f8771f755', 'user86_pic1.jpg', TRUE);
INSERT INTO relative_contact (user_id, type, fullname, phone_number) VALUES ('aeb9b55f-b409-4b94-a8fd-b62f8771f755', 'Aunt', 'Akarsh Gole', '+918940230936');
INSERT INTO users (user_id, username, fullname, email, phone_number, password, profile_created_for, date_of_birth, gender, marital_status, religion_id, account_active, is_onboarded) VALUES ('da118610-9af9-470a-8b0a-ba75e15fe4b1', 'yuvaan087', 'Yuvaan Kata', 'yuvaan.kata087@example.com', '+917201965610', 'password123', 'Self', '1989-02-14', 'Male', 'Single', NULL, TRUE, TRUE);
INSERT INTO lifestyle (user_id, height_id, weight, blood_group, diet) VALUES ('da118610-9af9-470a-8b0a-ba75e15fe4b1', 28, 85, 'AB-', 'Vegetarian');
INSERT INTO preferred_partner_choice (user_id, min_age, max_age, expected_salary_id, salary_type) VALUES ('da118610-9af9-470a-8b0a-ba75e15fe4b1', 20, 25, NULL, 'Annual');
INSERT INTO profile_picture (user_id, filename, is_profile_pic) VALUES ('da118610-9af9-470a-8b0a-ba75e15fe4b1', 'user87_pic1.jpg', TRUE);
INSERT INTO relative_contact (user_id, type, fullname, phone_number) VALUES ('da118610-9af9-470a-8b0a-ba75e15fe4b1', 'Brother', 'Anay Sinha', '+919583307788');
INSERT INTO users (user_id, username, fullname, email, phone_number, password, profile_created_for, date_of_birth, gender, marital_status, religion_id, account_active, is_onboarded) VALUES ('6d93a65a-819e-43cf-8b34-9afb2f3f4be8', 'mishti088', 'Mishti Randhawa', 'mishti.randhawa088@example.com', '+919040816228', 'password123', 'Self', '1991-12-20', 'Male', 'Divorced', NULL, TRUE, FALSE);
INSERT INTO lifestyle (user_id, height_id, weight, blood_group, diet) VALUES ('6d93a65a-819e-43cf-8b34-9afb2f3f4be8', 33, 69, 'AB-', 'Eggetarian');
INSERT INTO preferred_partner_choice (user_id, min_age, max_age, expected_salary_id, salary_type) VALUES ('6d93a65a-819e-43cf-8b34-9afb2f3f4be8', 20, 25, NULL, 'Annual');
INSERT INTO profile_picture (user_id, filename, is_profile_pic) VALUES ('6d93a65a-819e-43cf-8b34-9afb2f3f4be8', 'user88_pic1.jpg', TRUE);
INSERT INTO relative_contact (user_id, type, fullname, phone_number) VALUES ('6d93a65a-819e-43cf-8b34-9afb2f3f4be8', 'Brother', 'Umang Walia', '+918006401833');
INSERT INTO users (user_id, username, fullname, email, phone_number, password, profile_created_for, date_of_birth, gender, marital_status, religion_id, account_active, is_onboarded) VALUES ('f4dcf3c2-d97f-40ab-8590-f9f45c455216', 'priyansh089', 'Priyansh Uppal', 'priyansh.uppal089@example.com', '+916263427766', 'password123', 'Self', '1995-04-08', 'Female', 'Single', NULL, TRUE, TRUE);
INSERT INTO lifestyle (user_id, height_id, weight, blood_group, diet) VALUES ('f4dcf3c2-d97f-40ab-8590-f9f45c455216', 27, 77, 'AB+', 'Vegetarian');
INSERT INTO preferred_partner_choice (user_id, min_age, max_age, expected_salary_id, salary_type) VALUES ('f4dcf3c2-d97f-40ab-8590-f9f45c455216', 22, 27, NULL, 'Annual');
INSERT INTO profile_picture (user_id, filename, is_profile_pic) VALUES ('f4dcf3c2-d97f-40ab-8590-f9f45c455216', 'user89_pic1.jpg', TRUE);
INSERT INTO relative_contact (user_id, type, fullname, phone_number) VALUES ('f4dcf3c2-d97f-40ab-8590-f9f45c455216', 'Father', 'Misha Sahni', '+919377624299');
INSERT INTO users (user_id, username, fullname, email, phone_number, password, profile_created_for, date_of_birth, gender, marital_status, religion_id, account_active, is_onboarded) VALUES ('42e06711-38a3-4eca-bf2b-4761931b1a0b', 'advika090', 'Advika Kohli', 'advika.kohli090@example.com', '+919389936073', 'password123', 'Self', '1999-10-27', 'Female', 'Divorced', NULL, TRUE, FALSE);
INSERT INTO lifestyle (user_id, height_id, weight, blood_group, diet) VALUES ('42e06711-38a3-4eca-bf2b-4761931b1a0b', 32, 86, 'O-', 'Non-Vegetarian');
INSERT INTO preferred_partner_choice (user_id, min_age, max_age, expected_salary_id, salary_type) VALUES ('42e06711-38a3-4eca-bf2b-4761931b1a0b', 23, 28, NULL, 'Annual');
INSERT INTO profile_picture (user_id, filename, is_profile_pic) VALUES ('42e06711-38a3-4eca-bf2b-4761931b1a0b', 'user90_pic1.jpg', TRUE);
INSERT INTO relative_contact (user_id, type, fullname, phone_number) VALUES ('42e06711-38a3-4eca-bf2b-4761931b1a0b', 'Brother', 'Neysa Sem', '+917339550732');
INSERT INTO users (user_id, username, fullname, email, phone_number, password, profile_created_for, date_of_birth, gender, marital_status, religion_id, account_active, is_onboarded) VALUES ('e43c859a-6c7b-4868-b36f-cdfabf36be32', 'nitara091', 'Nitara Cherian', 'nitara.cherian091@example.com', '+917157330945', 'password123', 'Self', '1990-02-23', 'Male', 'Widowed', NULL, TRUE, FALSE);
INSERT INTO lifestyle (user_id, height_id, weight, blood_group, diet) VALUES ('e43c859a-6c7b-4868-b36f-cdfabf36be32', 36, 54, 'AB-', 'Vegetarian');
INSERT INTO preferred_partner_choice (user_id, min_age, max_age, expected_salary_id, salary_type) VALUES ('e43c859a-6c7b-4868-b36f-cdfabf36be32', 22, 27, NULL, 'Annual');
INSERT INTO profile_picture (user_id, filename, is_profile_pic) VALUES ('e43c859a-6c7b-4868-b36f-cdfabf36be32', 'user91_pic1.jpg', TRUE);
INSERT INTO relative_contact (user_id, type, fullname, phone_number) VALUES ('e43c859a-6c7b-4868-b36f-cdfabf36be32', 'Mother', 'Tara Thakkar', '+919641079236');
INSERT INTO users (user_id, username, fullname, email, phone_number, password, profile_created_for, date_of_birth, gender, marital_status, religion_id, account_active, is_onboarded) VALUES ('cfb701bd-adb7-498f-ae9b-d79a37b87da5', 'shlok092', 'Shlok Krishnan', 'shlok.krishnan092@example.com', '+918783985562', 'password123', 'Self', '1980-08-22', 'Female', 'Divorced', NULL, TRUE, FALSE);
INSERT INTO lifestyle (user_id, height_id, weight, blood_group, diet) VALUES ('cfb701bd-adb7-498f-ae9b-d79a37b87da5', 37, 60, 'O+', 'Vegetarian');
INSERT INTO preferred_partner_choice (user_id, min_age, max_age, expected_salary_id, salary_type) VALUES ('cfb701bd-adb7-498f-ae9b-d79a37b87da5', 22, 27, NULL, 'Annual');
INSERT INTO profile_picture (user_id, filename, is_profile_pic) VALUES ('cfb701bd-adb7-498f-ae9b-d79a37b87da5', 'user92_pic1.jpg', TRUE);
INSERT INTO relative_contact (user_id, type, fullname, phone_number) VALUES ('cfb701bd-adb7-498f-ae9b-d79a37b87da5', 'Aunt', 'Stuvan Bhagat', '+918683064691');
INSERT INTO users (user_id, username, fullname, email, phone_number, password, profile_created_for, date_of_birth, gender, marital_status, religion_id, account_active, is_onboarded) VALUES ('4a01339f-894b-4bac-bb86-0af70bbf68c1', 'damini093', 'Damini Sunder', 'damini.sunder093@example.com', '+918353119984', 'password123', 'Self', '1997-03-28', 'Female', 'Divorced', NULL, TRUE, FALSE);
INSERT INTO lifestyle (user_id, height_id, weight, blood_group, diet) VALUES ('4a01339f-894b-4bac-bb86-0af70bbf68c1', 36, 90, 'O-', 'Eggetarian');
INSERT INTO preferred_partner_choice (user_id, min_age, max_age, expected_salary_id, salary_type) VALUES ('4a01339f-894b-4bac-bb86-0af70bbf68c1', 24, 29, NULL, 'Annual');
INSERT INTO profile_picture (user_id, filename, is_profile_pic) VALUES ('4a01339f-894b-4bac-bb86-0af70bbf68c1', 'user93_pic1.jpg', TRUE);
INSERT INTO relative_contact (user_id, type, fullname, phone_number) VALUES ('4a01339f-894b-4bac-bb86-0af70bbf68c1', 'Father', 'Vidur Dada', '+917854374341');
INSERT INTO users (user_id, username, fullname, email, phone_number, password, profile_created_for, date_of_birth, gender, marital_status, religion_id, account_active, is_onboarded) VALUES ('f6cda143-00e4-4d08-9ada-dde4213ab7c8', 'rasha094', 'Rasha Swaminathan', 'rasha.swaminathan094@example.com', '+917735123063', 'password123', 'Self', '2000-05-21', 'Female', 'Divorced', NULL, FALSE, TRUE);
INSERT INTO lifestyle (user_id, height_id, weight, blood_group, diet) VALUES ('f6cda143-00e4-4d08-9ada-dde4213ab7c8', 10, 55, 'AB-', 'Eggetarian');
INSERT INTO preferred_partner_choice (user_id, min_age, max_age, expected_salary_id, salary_type) VALUES ('f6cda143-00e4-4d08-9ada-dde4213ab7c8', 23, 28, NULL, 'Annual');
INSERT INTO profile_picture (user_id, filename, is_profile_pic) VALUES ('f6cda143-00e4-4d08-9ada-dde4213ab7c8', 'user94_pic1.jpg', TRUE);
INSERT INTO relative_contact (user_id, type, fullname, phone_number) VALUES ('f6cda143-00e4-4d08-9ada-dde4213ab7c8', 'Uncle', 'Madhav Lad', '+918632421416');
INSERT INTO users (user_id, username, fullname, email, phone_number, password, profile_created_for, date_of_birth, gender, marital_status, religion_id, account_active, is_onboarded) VALUES ('f32a0c7d-9ef3-4003-8325-f170607eb32f', 'khushi095', 'Khushi Mallick', 'khushi.mallick095@example.com', '+918861801133', 'password123', 'Self', '1984-02-19', 'Female', 'Widowed', NULL, FALSE, FALSE);
INSERT INTO lifestyle (user_id, height_id, weight, blood_group, diet) VALUES ('f32a0c7d-9ef3-4003-8325-f170607eb32f', 13, 50, 'AB-', 'Non-Vegetarian');
INSERT INTO preferred_partner_choice (user_id, min_age, max_age, expected_salary_id, salary_type) VALUES ('f32a0c7d-9ef3-4003-8325-f170607eb32f', 20, 25, NULL, 'Annual');
INSERT INTO profile_picture (user_id, filename, is_profile_pic) VALUES ('f32a0c7d-9ef3-4003-8325-f170607eb32f', 'user95_pic1.jpg', TRUE);
INSERT INTO relative_contact (user_id, type, fullname, phone_number) VALUES ('f32a0c7d-9ef3-4003-8325-f170607eb32f', 'Aunt', 'Raghav Dayal', '+917745749935');
INSERT INTO users (user_id, username, fullname, email, phone_number, password, profile_created_for, date_of_birth, gender, marital_status, religion_id, account_active, is_onboarded) VALUES ('89c22536-88f8-43e7-a4b1-5ef2d34c4026', 'divit096', 'Divit Bal', 'divit.bal096@example.com', '+918537937154', 'password123', 'Self', '1998-02-24', 'Female', 'Single', NULL, TRUE, TRUE);
INSERT INTO lifestyle (user_id, height_id, weight, blood_group, diet) VALUES ('89c22536-88f8-43e7-a4b1-5ef2d34c4026', 18, 58, 'O+', 'Non-Vegetarian');
INSERT INTO preferred_partner_choice (user_id, min_age, max_age, expected_salary_id, salary_type) VALUES ('89c22536-88f8-43e7-a4b1-5ef2d34c4026', 20, 25, NULL, 'Annual');
INSERT INTO profile_picture (user_id, filename, is_profile_pic) VALUES ('89c22536-88f8-43e7-a4b1-5ef2d34c4026', 'user96_pic1.jpg', TRUE);
INSERT INTO relative_contact (user_id, type, fullname, phone_number) VALUES ('89c22536-88f8-43e7-a4b1-5ef2d34c4026', 'Father', 'Nehmat Bedi', '+918946704629');
INSERT INTO users (user_id, username, fullname, email, phone_number, password, profile_created_for, date_of_birth, gender, marital_status, religion_id, account_active, is_onboarded) VALUES ('886cb9eb-b1fe-4e7a-bc26-2d7063bff14b', 'raunak097', 'Raunak Walla', 'raunak.walla097@example.com', '+918227154960', 'password123', 'Self', '1981-11-16', 'Female', 'Widowed', NULL, FALSE, FALSE);
INSERT INTO lifestyle (user_id, height_id, weight, blood_group, diet) VALUES ('886cb9eb-b1fe-4e7a-bc26-2d7063bff14b', 25, 65, 'AB-', 'Eggetarian');
INSERT INTO preferred_partner_choice (user_id, min_age, max_age, expected_salary_id, salary_type) VALUES ('886cb9eb-b1fe-4e7a-bc26-2d7063bff14b', 20, 25, NULL, 'Annual');
INSERT INTO profile_picture (user_id, filename, is_profile_pic) VALUES ('886cb9eb-b1fe-4e7a-bc26-2d7063bff14b', 'user97_pic1.jpg', TRUE);
INSERT INTO relative_contact (user_id, type, fullname, phone_number) VALUES ('886cb9eb-b1fe-4e7a-bc26-2d7063bff14b', 'Uncle', 'Reyansh Bansal', '+917551054299');
INSERT INTO users (user_id, username, fullname, email, phone_number, password, profile_created_for, date_of_birth, gender, marital_status, religion_id, account_active, is_onboarded) VALUES ('6c2be50c-c6b8-4991-a09e-16b470c31d5c', 'riya098', 'Riya Verma', 'riya.verma098@example.com', '+919023976865', 'password123', 'Self', '1992-10-02', 'Female', 'Divorced', NULL, FALSE, FALSE);
INSERT INTO lifestyle (user_id, height_id, weight, blood_group, diet) VALUES ('6c2be50c-c6b8-4991-a09e-16b470c31d5c', 19, 58, 'AB-', 'Eggetarian');
INSERT INTO preferred_partner_choice (user_id, min_age, max_age, expected_salary_id, salary_type) VALUES ('6c2be50c-c6b8-4991-a09e-16b470c31d5c', 24, 29, NULL, 'Annual');
INSERT INTO profile_picture (user_id, filename, is_profile_pic) VALUES ('6c2be50c-c6b8-4991-a09e-16b470c31d5c', 'user98_pic1.jpg', TRUE);
INSERT INTO relative_contact (user_id, type, fullname, phone_number) VALUES ('6c2be50c-c6b8-4991-a09e-16b470c31d5c', 'Mother', 'Rohan Comar', '+918078357578');
INSERT INTO users (user_id, username, fullname, email, phone_number, password, profile_created_for, date_of_birth, gender, marital_status, religion_id, account_active, is_onboarded) VALUES ('63d8292c-9f6f-47be-9d8d-528651d62acb', 'madhup099', 'Madhup Shanker', 'madhup.shanker099@example.com', '+919903787592', 'password123', 'Self', '1996-12-01', 'Female', 'Widowed', NULL, TRUE, TRUE);
INSERT INTO lifestyle (user_id, height_id, weight, blood_group, diet) VALUES ('63d8292c-9f6f-47be-9d8d-528651d62acb', 8, 81, 'O-', 'Non-Vegetarian');
INSERT INTO preferred_partner_choice (user_id, min_age, max_age, expected_salary_id, salary_type) VALUES ('63d8292c-9f6f-47be-9d8d-528651d62acb', 20, 25, NULL, 'Annual');
INSERT INTO profile_picture (user_id, filename, is_profile_pic) VALUES ('63d8292c-9f6f-47be-9d8d-528651d62acb', 'user99_pic1.jpg', TRUE);
INSERT INTO relative_contact (user_id, type, fullname, phone_number) VALUES ('63d8292c-9f6f-47be-9d8d-528651d62acb', 'Sister', 'Pari Shetty', '+918957858718');
INSERT INTO users (user_id, username, fullname, email, phone_number, password, profile_created_for, date_of_birth, gender, marital_status, religion_id, account_active, is_onboarded) VALUES ('4e8a158c-ac15-4dc1-8309-91e78ecab169', 'miraan100', 'Miraan Kara', 'miraan.kara100@example.com', '+917902519100', 'password123', 'Self', '1992-04-22', 'Male', 'Widowed', NULL, FALSE, FALSE);
INSERT INTO lifestyle (user_id, height_id, weight, blood_group, diet) VALUES ('4e8a158c-ac15-4dc1-8309-91e78ecab169', 5, 50, 'AB+', 'Eggetarian');
INSERT INTO preferred_partner_choice (user_id, min_age, max_age, expected_salary_id, salary_type) VALUES ('4e8a158c-ac15-4dc1-8309-91e78ecab169', 24, 29, NULL, 'Annual');
INSERT INTO profile_picture (user_id, filename, is_profile_pic) VALUES ('4e8a158c-ac15-4dc1-8309-91e78ecab169', 'user100_pic1.jpg', TRUE);
INSERT INTO relative_contact (user_id, type, fullname, phone_number) VALUES ('4e8a158c-ac15-4dc1-8309-91e78ecab169', 'Aunt', 'Shaan Basu', '+918000186153');